volume_rank,permno,ticker,company_name,batch_status,cache_dir,wrds_ok,yahoo_ok,ravenpack_ok,refinitiv_ok,ravenpack_rows,avg_articles_per_week,passes_weekly_threshold,refinitiv_headline_rows,has_usable_refinitiv_headlines
1,70519,C,CITIGROUP INC,complete,/Users/armandoordoricadelatorre/Documents/U of T/PhD/PhD Research/Sentiment_learn_to_rank_paper/data/raw/data_explorer_top1k/by_ticker/rank_0001_C,True,True,True,True,864684,1380.9692,True,37527,True
2,59408,BAC,BANK OF AMERICA CORP,complete,/Users/armandoordoricadelatorre/Documents/U of T/PhD/PhD Research/Sentiment_learn_to_rank_paper/data/raw/data_explorer_top1k/by_ticker/rank_0002_BAC,True,True,True,True,617852,986.7588,True,23075,True
3,10107,MSFT,MICROSOFT CORP,complete,/Users/armandoordoricadelatorre/Documents/U of T/PhD/PhD Research/Sentiment_learn_to_rank_paper/data/raw/data_explorer_top1k/by_ticker/rank_0003_MSFT,True,True,True,True,499136,797.1599,True,25595,True
4,59328,INTC,INTEL CORP,complete,/Users/armandoordoricadelatorre/Documents/U of T/PhD/PhD Research/Sentiment_learn_to_rank_paper/data/raw/data_explorer_top1k/by_ticker/rank_0004_INTC,True,True,True,True,140275,224.0303,True,16018,True
5,80924,SIRI,SIRIUS X M HOLDINGS INC,complete,/Users/armandoordoricadelatorre/Documents/U of T/PhD/PhD Research/Sentiment_learn_to_rank_paper/data/raw/data_explorer_top1k/by_ticker/rank_0005_SIRI,True,True,True,True,38557,61.5786,True,2164,True
6,13407,FB,FACEBOOK INC,complete,/Users/armandoordoricadelatorre/Documents/U of T/PhD/PhD Research/Sentiment_learn_to_rank_paper/data/raw/data_explorer_top1k/by_ticker/rank_0006_FB,True,True,True,True,564719,901.9012,True,0,False
7,76076,CSCO,CISCO SYSTEMS INC,complete,/Users/armandoordoricadelatorre/Documents/U of T/PhD/PhD Research/Sentiment_learn_to_rank_paper/data/raw/data_explorer_top1k/by_ticker/rank_0007_CSCO,True,True,True,True,189847,303.2008,True,9357,True
9,12060,GE,GENERAL ELECTRIC CO,complete,/Users/armandoordoricadelatorre/Documents/U of T/PhD/PhD Research/Sentiment_learn_to_rank_paper/data/raw/data_explorer_top1k/by_ticker/rank_0009_GE,True,True,True,True,326403,521.2916,True,3,False
10,25785,F,FORD MOTOR CO DEL,complete,/Users/armandoordoricadelatorre/Documents/U of T/PhD/PhD Research/Sentiment_learn_to_rank_paper/data/raw/data_explorer_top1k/by_ticker/rank_0010_F,True,True,True,True,190905,304.8905,True,22363,True
12,21936,PFE,PFIZER INC,complete,/Users/armandoordoricadelatorre/Documents/U of T/PhD/PhD Research/Sentiment_learn_to_rank_paper/data/raw/data_explorer_top1k/by_ticker/rank_0012_PFE,True,True,True,True,182589,291.6092,True,13687,True
13,10104,ORCL,ORACLE CORP,complete,/Users/armandoordoricadelatorre/Documents/U of T/PhD/PhD Research/Sentiment_learn_to_rank_paper/data/raw/data_explorer_top1k/by_ticker/rank_0013_ORCL,True,True,True,True,100214,160.0497,True,6954,True
14,39087,S,SPRINT NEXTEL CORP,partial,/Users/armandoordoricadelatorre/Documents/U of T/PhD/PhD Research/Sentiment_learn_to_rank_paper/data/raw/data_explorer_top1k/by_ticker/rank_0014_S,True,False,True,False,4114,6.5704,True,0,False
15,38703,WFC,WELLS FARGO & CO NEW,complete,/Users/armandoordoricadelatorre/Documents/U of T/PhD/PhD Research/Sentiment_learn_to_rank_paper/data/raw/data_explorer_top1k/by_ticker/rank_0015_WFC,True,True,True,True,296923,474.2097,True,7980,True
16,47896,JPM,JPMORGAN CHASE & CO,complete,/Users/armandoordoricadelatorre/Documents/U of T/PhD/PhD Research/Sentiment_learn_to_rank_paper/data/raw/data_explorer_top1k/by_ticker/rank_0016_JPM,True,True,True,True,1054352,1683.8841,True,1,False
18,11081,DELL,DELL INC,partial,/Users/armandoordoricadelatorre/Documents/U of T/PhD/PhD Research/Sentiment_learn_to_rank_paper/data/raw/data_explorer_top1k/by_ticker/rank_0018_DELL,True,False,True,False,75758,120.9916,True,0,False
19,14593,AAPL,APPLE INC,complete,/Users/armandoordoricadelatorre/Documents/U of T/PhD/PhD Research/Sentiment_learn_to_rank_paper/data/raw/data_explorer_top1k/by_ticker/rank_0019_AAPL,True,True,True,True,311041,496.7572,True,27210,True
21,53613,MU,MICRON TECHNOLOGY INC,complete,/Users/armandoordoricadelatorre/Documents/U of T/PhD/PhD Research/Sentiment_learn_to_rank_paper/data/raw/data_explorer_top1k/by_ticker/rank_0021_MU,True,True,True,True,38052,60.7721,True,1877,True
23,14702,AMAT,APPLIED MATERIALS INC,complete,/Users/armandoordoricadelatorre/Documents/U of T/PhD/PhD Research/Sentiment_learn_to_rank_paper/data/raw/data_explorer_top1k/by_ticker/rank_0023_AMAT,True,True,True,True,39950,63.8033,True,3030,True
24,66093,T,A T & T INC,complete,/Users/armandoordoricadelatorre/Documents/U of T/PhD/PhD Research/Sentiment_learn_to_rank_paper/data/raw/data_explorer_top1k/by_ticker/rank_0024_T,True,True,True,True,196095,313.1793,True,10663,True
26,14040,S,SPRINT CORP NEW,partial,/Users/armandoordoricadelatorre/Documents/U of T/PhD/PhD Research/Sentiment_learn_to_rank_paper/data/raw/data_explorer_top1k/by_ticker/rank_0026_S,True,False,True,False,4114,6.5704,True,0,False
27,61241,AMD,ADVANCED MICRO DEVICES INC,complete,/Users/armandoordoricadelatorre/Documents/U of T/PhD/PhD Research/Sentiment_learn_to_rank_paper/data/raw/data_explorer_top1k/by_ticker/rank_0027_AMD,True,True,True,True,45948,73.3826,True,1499,True
28,11850,XOM,EXXON MOBIL CORP,complete,/Users/armandoordoricadelatorre/Documents/U of T/PhD/PhD Research/Sentiment_learn_to_rank_paper/data/raw/data_explorer_top1k/by_ticker/rank_0028_XOM,True,True,True,True,164005,261.929,True,1,False
29,51043,FNM,FEDERAL NATIONAL MORTGAGE ASSN,partial,/Users/armandoordoricadelatorre/Documents/U of T/PhD/PhD Research/Sentiment_learn_to_rank_paper/data/raw/data_explorer_top1k/by_ticker/rank_0029_FNM,True,False,True,False,145479,232.3415,True,0,False
30,66800,AIG,AMERICAN INTERNATIONAL GROUP INC,complete,/Users/armandoordoricadelatorre/Documents/U of T/PhD/PhD Research/Sentiment_learn_to_rank_paper/data/raw/data_explorer_top1k/by_ticker/rank_0030_AIG,True,True,True,True,102221,163.2551,True,10714,True
31,24643,AA,ALCOA INC,partial,/Users/armandoordoricadelatorre/Documents/U of T/PhD/PhD Research/Sentiment_learn_to_rank_paper/data/raw/data_explorer_top1k/by_ticker/rank_0031_AA,True,True,True,False,48700,77.7778,True,0,False
33,27828,HPQ,HEWLETT PACKARD CO,complete,/Users/armandoordoricadelatorre/Documents/U of T/PhD/PhD Research/Sentiment_learn_to_rank_paper/data/raw/data_explorer_top1k/by_ticker/rank_0033_HPQ,True,True,True,True,162140,258.9505,True,5,False
35,79879,JDSU,J D S UNIPHASE CORP,complete,/Users/armandoordoricadelatorre/Documents/U of T/PhD/PhD Research/Sentiment_learn_to_rank_paper/data/raw/data_explorer_top1k/by_ticker/rank_0035_JDSU,True,True,True,True,32656,52.1542,True,0,False
36,22779,MSI,MOTOROLA SOLUTIONS INC,complete,/Users/armandoordoricadelatorre/Documents/U of T/PhD/PhD Research/Sentiment_learn_to_rank_paper/data/raw/data_explorer_top1k/by_ticker/rank_0036_MSI,True,True,True,True,119535,190.9069,True,2225,True
37,36469,WB,WACHOVIA CORP 2ND NEW,complete,/Users/armandoordoricadelatorre/Documents/U of T/PhD/PhD Research/Sentiment_learn_to_rank_paper/data/raw/data_explorer_top1k/by_ticker/rank_0037_WB,True,True,True,True,729,1.1643,True,76,False
38,89525,CMCSA,COMCAST CORP NEW,complete,/Users/armandoordoricadelatorre/Documents/U of T/PhD/PhD Research/Sentiment_learn_to_rank_paper/data/raw/data_explorer_top1k/by_ticker/rank_0038_CMCSA,True,True,True,True,132683,211.9053,True,6778,True
39,77178,QCOM,QUALCOMM INC,complete,/Users/armandoordoricadelatorre/Documents/U of T/PhD/PhD Research/Sentiment_learn_to_rank_paper/data/raw/data_explorer_top1k/by_ticker/rank_0039_QCOM,True,True,True,True,86645,138.379,True,5631,True
41,69032,MS,MORGAN STANLEY DEAN WITTER & CO,complete,/Users/armandoordoricadelatorre/Documents/U of T/PhD/PhD Research/Sentiment_learn_to_rank_paper/data/raw/data_explorer_top1k/by_ticker/rank_0041_MS,True,True,True,True,720696,1151.0089,True,2,False
42,12369,GM,GENERAL MOTORS CO,complete,/Users/armandoordoricadelatorre/Documents/U of T/PhD/PhD Research/Sentiment_learn_to_rank_paper/data/raw/data_explorer_top1k/by_ticker/rank_0042_GM,True,True,True,True,121830,194.5722,True,0,False
45,12079,GM,GENERAL MOTORS CORP,complete,/Users/armandoordoricadelatorre/Documents/U of T/PhD/PhD Research/Sentiment_learn_to_rank_paper/data/raw/data_explorer_top1k/by_ticker/rank_0045_GM,True,True,True,True,121830,194.5722,True,31590,True
47,13108,GRPN,GROUPON INC,complete,/Users/armandoordoricadelatorre/Documents/U of T/PhD/PhD Research/Sentiment_learn_to_rank_paper/data/raw/data_explorer_top1k/by_ticker/rank_0047_GRPN,True,True,True,True,18631,29.7552,True,0,False
48,65875,VZ,VERIZON COMMUNICATIONS INC,complete,/Users/armandoordoricadelatorre/Documents/U of T/PhD/PhD Research/Sentiment_learn_to_rank_paper/data/raw/data_explorer_top1k/by_ticker/rank_0048_VZ,True,True,True,True,209654,334.8341,True,0,False
49,86356,EBAY,EBAY INC,complete,/Users/armandoordoricadelatorre/Documents/U of T/PhD/PhD Research/Sentiment_learn_to_rank_paper/data/raw/data_explorer_top1k/by_ticker/rank_0049_EBAY,True,True,True,True,127491,203.6133,True,0,False
51,22293,GLW,CORNING INC,complete,/Users/armandoordoricadelatorre/Documents/U of T/PhD/PhD Research/Sentiment_learn_to_rank_paper/data/raw/data_explorer_top1k/by_ticker/rank_0051_GLW,True,True,True,True,29233,46.6874,True,0,False
52,75789,FRE,FEDERAL HOME LOAN MORTGAGE CORP,partial,/Users/armandoordoricadelatorre/Documents/U of T/PhD/PhD Research/Sentiment_learn_to_rank_paper/data/raw/data_explorer_top1k/by_ticker/rank_0052_FRE,True,False,True,False,131683,210.3082,True,0,False
54,22752,MRK,MERCK & CO INC NEW,complete,/Users/armandoordoricadelatorre/Documents/U of T/PhD/PhD Research/Sentiment_learn_to_rank_paper/data/raw/data_explorer_top1k/by_ticker/rank_0054_MRK,True,True,True,True,88502,141.3447,True,0,False
55,55976,WMT,WAL MART STORES INC,complete,/Users/armandoordoricadelatorre/Documents/U of T/PhD/PhD Research/Sentiment_learn_to_rank_paper/data/raw/data_explorer_top1k/by_ticker/rank_0055_WMT,True,True,True,True,219492,350.5462,True,0,False
56,35044,RF,REGIONS FINANCIAL CORP NEW,complete,/Users/armandoordoricadelatorre/Documents/U of T/PhD/PhD Research/Sentiment_learn_to_rank_paper/data/raw/data_explorer_top1k/by_ticker/rank_0056_RF,True,True,True,True,42499,67.8743,True,0,False
57,15579,TXN,TEXAS INSTRUMENTS INC,complete,/Users/armandoordoricadelatorre/Documents/U of T/PhD/PhD Research/Sentiment_learn_to_rank_paper/data/raw/data_explorer_top1k/by_ticker/rank_0057_TXN,True,True,True,True,70482,112.5654,True,0,False
60,77605,BSX,BOSTON SCIENTIFIC CORP,complete,/Users/armandoordoricadelatorre/Documents/U of T/PhD/PhD Research/Sentiment_learn_to_rank_paper/data/raw/data_explorer_top1k/by_ticker/rank_0060_BSX,True,True,True,True,53958,86.1752,True,0,False
61,86580,NVDA,NVIDIA CORP,complete,/Users/armandoordoricadelatorre/Documents/U of T/PhD/PhD Research/Sentiment_learn_to_rank_paper/data/raw/data_explorer_top1k/by_ticker/rank_0061_NVDA,True,True,True,True,45343,72.4164,True,0,False
62,90505,LVS,LAS VEGAS SANDS CORP,complete,/Users/armandoordoricadelatorre/Documents/U of T/PhD/PhD Research/Sentiment_learn_to_rank_paper/data/raw/data_explorer_top1k/by_ticker/rank_0062_LVS,True,True,True,True,18034,28.8017,True,0,False
63,91926,DAL,DELTA AIR LINES INC,complete,/Users/armandoordoricadelatorre/Documents/U of T/PhD/PhD Research/Sentiment_learn_to_rank_paper/data/raw/data_explorer_top1k/by_ticker/rank_0063_DAL,True,True,True,True,65455,104.5368,True,0,False
64,66181,HD,HOME DEPOT INC,complete,/Users/armandoordoricadelatorre/Documents/U of T/PhD/PhD Research/Sentiment_learn_to_rank_paper/data/raw/data_explorer_top1k/by_ticker/rank_0064_HD,True,True,True,True,86574,138.2656,True,0,False
65,23819,HAL,HALLIBURTON CO,complete,/Users/armandoordoricadelatorre/Documents/U of T/PhD/PhD Research/Sentiment_learn_to_rank_paper/data/raw/data_explorer_top1k/by_ticker/rank_0065_HAL,True,True,True,True,48538,77.5191,True,0,False
66,83981,CPN,CALPINE CORP,partial,/Users/armandoordoricadelatorre/Documents/U of T/PhD/PhD Research/Sentiment_learn_to_rank_paper/data/raw/data_explorer_top1k/by_ticker/rank_0066_CPN,True,True,True,False,736,1.1755,True,0,False
67,52919,MER,MERRILL LYNCH & CO INC,partial,/Users/armandoordoricadelatorre/Documents/U of T/PhD/PhD Research/Sentiment_learn_to_rank_paper/data/raw/data_explorer_top1k/by_ticker/rank_0067_MER,True,False,True,False,43440,69.3771,True,0,False
69,13901,MO,ALTRIA GROUP INC,complete,/Users/armandoordoricadelatorre/Documents/U of T/PhD/PhD Research/Sentiment_learn_to_rank_paper/data/raw/data_explorer_top1k/by_ticker/rank_0069_MO,True,True,True,True,56422,90.1104,True,0,False
70,78877,CHK,CHESAPEAKE ENERGY CORP,partial,/Users/armandoordoricadelatorre/Documents/U of T/PhD/PhD Research/Sentiment_learn_to_rank_paper/data/raw/data_explorer_top1k/by_ticker/rank_0070_CHK,True,False,True,False,9488,15.1531,True,0,False
71,81774,FCX,FREEPORT MCMORAN INC,complete,/Users/armandoordoricadelatorre/Documents/U of T/PhD/PhD Research/Sentiment_learn_to_rank_paper/data/raw/data_explorer_top1k/by_ticker/rank_0071_FCX,True,True,True,True,30090,48.0561,True,0,False
72,88601,MIR,MIRANT CORP,partial,/Users/armandoordoricadelatorre/Documents/U of T/PhD/PhD Research/Sentiment_learn_to_rank_paper/data/raw/data_explorer_top1k/by_ticker/rank_0072_MIR,True,False,True,False,1295,2.0682,True,0,False
73,75607,SYMC,SYMANTEC CORP,complete,/Users/armandoordoricadelatorre/Documents/U of T/PhD/PhD Research/Sentiment_learn_to_rank_paper/data/raw/data_explorer_top1k/by_ticker/rank_0073_SYMC,True,True,True,True,56185,89.7319,True,0,False
74,66157,USB,U S BANCORP DEL,complete,/Users/armandoordoricadelatorre/Documents/U of T/PhD/PhD Research/Sentiment_learn_to_rank_paper/data/raw/data_explorer_top1k/by_ticker/rank_0074_USB,True,True,True,True,69935,111.6918,True,0,False
75,21020,AAL,AMERICAN AIRLINES GROUP INC,complete,/Users/armandoordoricadelatorre/Documents/U of T/PhD/PhD Research/Sentiment_learn_to_rank_paper/data/raw/data_explorer_top1k/by_ticker/rank_0075_AAL,True,True,True,True,71122,113.5875,True,0,False
77,22111,JNJ,JOHNSON & JOHNSON,complete,/Users/armandoordoricadelatorre/Documents/U of T/PhD/PhD Research/Sentiment_learn_to_rank_paper/data/raw/data_explorer_top1k/by_ticker/rank_0077_JNJ,True,True,True,True,145363,232.1563,True,0,False
78,19393,BMY,BRISTOL MYERS SQUIBB CO,complete,/Users/armandoordoricadelatorre/Documents/U of T/PhD/PhD Research/Sentiment_learn_to_rank_paper/data/raw/data_explorer_top1k/by_ticker/rank_0078_BMY,True,True,True,True,65058,103.9028,True,0,False
79,25013,SGP,SCHERING PLOUGH CORP,partial,/Users/armandoordoricadelatorre/Documents/U of T/PhD/PhD Research/Sentiment_learn_to_rank_paper/data/raw/data_explorer_top1k/by_ticker/rank_0079_SGP,True,False,True,False,7872,12.5722,True,0,False
85,11891,MGM,M G M RESORTS INTERNATIONAL,complete,/Users/armandoordoricadelatorre/Documents/U of T/PhD/PhD Research/Sentiment_learn_to_rank_paper/data/raw/data_explorer_top1k/by_ticker/rank_0085_MGM,True,True,True,True,28791,45.9815,True,0,False
86,11308,KO,COCA COLA CO,complete,/Users/armandoordoricadelatorre/Documents/U of T/PhD/PhD Research/Sentiment_learn_to_rank_paper/data/raw/data_explorer_top1k/by_ticker/rank_0086_KO,True,True,True,True,114921,183.538,True,0,False
87,14694,GPRO,GOPRO INC,complete,/Users/armandoordoricadelatorre/Documents/U of T/PhD/PhD Research/Sentiment_learn_to_rank_paper/data/raw/data_explorer_top1k/by_ticker/rank_0087_GPRO,True,True,True,True,2586,4.13,True,0,False
89,61399,LOW,LOWES COMPANIES INC,complete,/Users/armandoordoricadelatorre/Documents/U of T/PhD/PhD Research/Sentiment_learn_to_rank_paper/data/raw/data_explorer_top1k/by_ticker/rank_0089_LOW,True,True,True,True,44777,71.5124,True,0,False
90,18163,PG,PROCTER & GAMBLE CO,complete,/Users/armandoordoricadelatorre/Documents/U of T/PhD/PhD Research/Sentiment_learn_to_rank_paper/data/raw/data_explorer_top1k/by_ticker/rank_0090_PG,True,True,True,True,111289,177.7374,True,0,False
91,75186,SCHW,SCHWAB CHARLES CORP NEW,complete,/Users/armandoordoricadelatorre/Documents/U of T/PhD/PhD Research/Sentiment_learn_to_rank_paper/data/raw/data_explorer_top1k/by_ticker/rank_0091_SCHW,True,True,True,True,140045,223.663,True,0,False
92,34746,FITB,FIFTH THIRD BANCORP,complete,/Users/armandoordoricadelatorre/Documents/U of T/PhD/PhD Research/Sentiment_learn_to_rank_paper/data/raw/data_explorer_top1k/by_ticker/rank_0092_FITB,True,True,True,True,48223,77.016,True,0,False
95,56232,NCC,NATIONAL CITY CORP,partial,/Users/armandoordoricadelatorre/Documents/U of T/PhD/PhD Research/Sentiment_learn_to_rank_paper/data/raw/data_explorer_top1k/by_ticker/rank_0095_NCC,True,True,True,False,4802,7.6692,True,0,False
96,42906,HBAN,HUNTINGTON BANCSHARES INC,complete,/Users/armandoordoricadelatorre/Documents/U of T/PhD/PhD Research/Sentiment_learn_to_rank_paper/data/raw/data_explorer_top1k/by_ticker/rank_0096_HBAN,True,True,True,True,12651,20.2047,True,0,False
97,89463,CIT,C I T GROUP INC NEW,partial,/Users/armandoordoricadelatorre/Documents/U of T/PhD/PhD Research/Sentiment_learn_to_rank_paper/data/raw/data_explorer_top1k/by_ticker/rank_0097_CIT,True,False,True,False,11766,18.7912,True,0,False
98,92421,SD,SANDRIDGE ENERGY INC,partial,/Users/armandoordoricadelatorre/Documents/U of T/PhD/PhD Research/Sentiment_learn_to_rank_paper/data/raw/data_explorer_top1k/by_ticker/rank_0098_SD,True,False,True,False,8261,13.1935,True,0,False
99,87378,CHTR,CHARTER COMMUNICATIONS INC,complete,/Users/armandoordoricadelatorre/Documents/U of T/PhD/PhD Research/Sentiment_learn_to_rank_paper/data/raw/data_explorer_top1k/by_ticker/rank_0099_CHTR,True,True,True,True,21083,33.6712,True,0,False
100,64995,KEY,KEYCORP NEW,complete,/Users/armandoordoricadelatorre/Documents/U of T/PhD/PhD Research/Sentiment_learn_to_rank_paper/data/raw/data_explorer_top1k/by_ticker/rank_0100_KEY,True,True,True,True,46725,74.6235,True,0,False
101,85269,VLO,VALERO ENERGY CORP NEW,complete,/Users/armandoordoricadelatorre/Documents/U of T/PhD/PhD Research/Sentiment_learn_to_rank_paper/data/raw/data_explorer_top1k/by_ticker/rank_0101_VLO,True,True,True,True,44123,70.4679,True,0,False
102,15092,LC,LENDINGCLUB CORP,complete,/Users/armandoordoricadelatorre/Documents/U of T/PhD/PhD Research/Sentiment_learn_to_rank_paper/data/raw/data_explorer_top1k/by_ticker/rank_0102_LC,True,True,True,True,1088,1.7376,True,0,False
103,13928,COP,CONOCOPHILLIPS,complete,/Users/armandoordoricadelatorre/Documents/U of T/PhD/PhD Research/Sentiment_learn_to_rank_paper/data/raw/data_explorer_top1k/by_ticker/rank_0103_COP,True,True,True,True,77980,124.5403,True,0,False
104,14541,CVX,CHEVRON CORP NEW,complete,/Users/armandoordoricadelatorre/Documents/U of T/PhD/PhD Research/Sentiment_learn_to_rank_paper/data/raw/data_explorer_top1k/by_ticker/rank_0104_CVX,True,True,True,True,132115,210.9982,True,0,False
106,27983,XRX,XEROX CORP,complete,/Users/armandoordoricadelatorre/Documents/U of T/PhD/PhD Research/Sentiment_learn_to_rank_paper/data/raw/data_explorer_top1k/by_ticker/rank_0106_XRX,True,True,True,True,27824,44.4371,True,0,False
107,89006,MDLZ,MONDELEZ INTERNATIONAL INC,complete,/Users/armandoordoricadelatorre/Documents/U of T/PhD/PhD Research/Sentiment_learn_to_rank_paper/data/raw/data_explorer_top1k/by_ticker/rank_0107_MDLZ,True,True,True,True,58917,94.0951,True,0,False
108,20626,DOW,DOW CHEMICAL CO,partial,/Users/armandoordoricadelatorre/Documents/U of T/PhD/PhD Research/Sentiment_learn_to_rank_paper/data/raw/data_explorer_top1k/by_ticker/rank_0108_DOW,True,False,True,False,5729,9.1497,True,0,False
109,89130,L,LIBERTY MEDIA CORP NEW,complete,/Users/armandoordoricadelatorre/Documents/U of T/PhD/PhD Research/Sentiment_learn_to_rank_paper/data/raw/data_explorer_top1k/by_ticker/rank_0109_L,True,True,True,True,22190,35.4392,True,0,False
111,14008,AMGN,AMGEN INC,complete,/Users/armandoordoricadelatorre/Documents/U of T/PhD/PhD Research/Sentiment_learn_to_rank_paper/data/raw/data_explorer_top1k/by_ticker/rank_0111_AMGN,True,True,True,True,66704,106.5316,True,0,False
116,59176,AXP,AMERICAN EXPRESS CO,complete,/Users/armandoordoricadelatorre/Documents/U of T/PhD/PhD Research/Sentiment_learn_to_rank_paper/data/raw/data_explorer_top1k/by_ticker/rank_0116_AXP,True,True,True,True,251631,401.8747,True,0,False
117,13721,ABBV,ABBVIE INC,complete,/Users/armandoordoricadelatorre/Documents/U of T/PhD/PhD Research/Sentiment_learn_to_rank_paper/data/raw/data_explorer_top1k/by_ticker/rank_0117_ABBV,True,True,True,True,20877,33.3422,True,0,False
119,77274,GILD,GILEAD SCIENCES INC,complete,/Users/armandoordoricadelatorre/Documents/U of T/PhD/PhD Research/Sentiment_learn_to_rank_paper/data/raw/data_explorer_top1k/by_ticker/rank_0119_GILD,True,True,True,True,31210,49.8449,True,0,False
120,17005,CVS,C V S HEALTH CORP,complete,/Users/armandoordoricadelatorre/Documents/U of T/PhD/PhD Research/Sentiment_learn_to_rank_paper/data/raw/data_explorer_top1k/by_ticker/rank_0120_CVS,True,True,True,True,35975,57.4549,True,0,False
122,77702,SBUX,STARBUCKS CORP,complete,/Users/armandoordoricadelatorre/Documents/U of T/PhD/PhD Research/Sentiment_learn_to_rank_paper/data/raw/data_explorer_top1k/by_ticker/rank_0122_SBUX,True,True,True,True,74145,118.4155,True,0,False
124,82618,SNDK,SANDISK CORP,partial,/Users/armandoordoricadelatorre/Documents/U of T/PhD/PhD Research/Sentiment_learn_to_rank_paper/data/raw/data_explorer_top1k/by_ticker/rank_0124_SNDK,True,False,True,False,31479,50.2745,True,0,False
125,76644,X,UNITED STATES STEEL CORP NEW,partial,/Users/armandoordoricadelatorre/Documents/U of T/PhD/PhD Research/Sentiment_learn_to_rank_paper/data/raw/data_explorer_top1k/by_ticker/rank_0125_X,True,False,True,True,14189,22.661,True,0,False
126,90162,GNW,GENWORTH FINANCIAL INC,complete,/Users/armandoordoricadelatorre/Documents/U of T/PhD/PhD Research/Sentiment_learn_to_rank_paper/data/raw/data_explorer_top1k/by_ticker/rank_0126_GNW,True,True,True,True,17849,28.5063,True,0,False
127,84519,CIEN,CIENA CORP,complete,/Users/armandoordoricadelatorre/Documents/U of T/PhD/PhD Research/Sentiment_learn_to_rank_paper/data/raw/data_explorer_top1k/by_ticker/rank_0127_CIEN,True,True,True,True,27824,44.4371,True,0,False
129,86868,GS,GOLDMAN SACHS GROUP INC,complete,/Users/armandoordoricadelatorre/Documents/U of T/PhD/PhD Research/Sentiment_learn_to_rank_paper/data/raw/data_explorer_top1k/by_ticker/rank_0129_GS,True,True,True,True,777124,1241.1289,True,0,False
130,84788,AMZN,AMAZON COM INC,complete,/Users/armandoordoricadelatorre/Documents/U of T/PhD/PhD Research/Sentiment_learn_to_rank_paper/data/raw/data_explorer_top1k/by_ticker/rank_0130_AMZN,True,True,True,True,119455,190.7791,True,0,False
131,21207,NEM,NEWMONT MINING CORP,complete,/Users/armandoordoricadelatorre/Documents/U of T/PhD/PhD Research/Sentiment_learn_to_rank_paper/data/raw/data_explorer_top1k/by_ticker/rank_0131_NEM,True,True,True,True,40763,65.1018,True,0,False
135,92602,PM,PHILIP MORRIS INTERNATIONAL INC,complete,/Users/armandoordoricadelatorre/Documents/U of T/PhD/PhD Research/Sentiment_learn_to_rank_paper/data/raw/data_explorer_top1k/by_ticker/rank_0135_PM,True,True,True,True,17923,28.6245,True,0,False
136,92655,UNH,UNITEDHEALTH GROUP INC,complete,/Users/armandoordoricadelatorre/Documents/U of T/PhD/PhD Research/Sentiment_learn_to_rank_paper/data/raw/data_explorer_top1k/by_ticker/rank_0136_UNH,True,True,True,True,39049,62.3644,True,0,False
137,59010,GPS,GAP INC,complete,/Users/armandoordoricadelatorre/Documents/U of T/PhD/PhD Research/Sentiment_learn_to_rank_paper/data/raw/data_explorer_top1k/by_ticker/rank_0137_GPS,True,True,True,True,31923,50.9836,True,0,False
140,43449,MCD,MCDONALDS CORP,complete,/Users/armandoordoricadelatorre/Documents/U of T/PhD/PhD Research/Sentiment_learn_to_rank_paper/data/raw/data_explorer_top1k/by_ticker/rank_0140_MCD,True,True,True,True,97030,154.9646,True,0,False
141,58683,LUV,SOUTHWEST AIRLINES CO,complete,/Users/armandoordoricadelatorre/Documents/U of T/PhD/PhD Research/Sentiment_learn_to_rank_paper/data/raw/data_explorer_top1k/by_ticker/rank_0141_LUV,True,True,True,True,37177,59.3746,True,0,False
142,20482,ABT,ABBOTT LABORATORIES,complete,/Users/armandoordoricadelatorre/Documents/U of T/PhD/PhD Research/Sentiment_learn_to_rank_paper/data/raw/data_explorer_top1k/by_ticker/rank_0142_ABT,True,True,True,True,58577,93.5521,True,0,False
143,91103,UAL,UNITED CONTINENTAL HOLDINGS INC,complete,/Users/armandoordoricadelatorre/Documents/U of T/PhD/PhD Research/Sentiment_learn_to_rank_paper/data/raw/data_explorer_top1k/by_ticker/rank_0143_UAL,True,True,True,True,55124,88.0374,True,0,False
145,82598,NTAP,NETAPP INC,complete,/Users/armandoordoricadelatorre/Documents/U of T/PhD/PhD Research/Sentiment_learn_to_rank_paper/data/raw/data_explorer_top1k/by_ticker/rank_0145_NTAP,True,True,True,True,25123,40.1234,True,0,False
146,49656,BK,BANK OF NEW YORK MELLON CORP,complete,/Users/armandoordoricadelatorre/Documents/U of T/PhD/PhD Research/Sentiment_learn_to_rank_paper/data/raw/data_explorer_top1k/by_ticker/rank_0146_BK,True,True,True,True,184737,295.0397,True,0,False
147,54148,PHM,PULTE GROUP INC,complete,/Users/armandoordoricadelatorre/Documents/U of T/PhD/PhD Research/Sentiment_learn_to_rank_paper/data/raw/data_explorer_top1k/by_ticker/rank_0147_PHM,True,True,True,True,18758,29.958,True,0,False
148,88182,ONNN,ON SEMICONDUCTOR CORP,complete,/Users/armandoordoricadelatorre/Documents/U of T/PhD/PhD Research/Sentiment_learn_to_rank_paper/data/raw/data_explorer_top1k/by_ticker/rank_0148_ONNN,True,True,True,True,8269,13.2063,True,0,False
149,18542,CAT,CATERPILLAR INC,complete,/Users/armandoordoricadelatorre/Documents/U of T/PhD/PhD Research/Sentiment_learn_to_rank_paper/data/raw/data_explorer_top1k/by_ticker/rank_0149_CAT,True,True,True,True,44752,71.4725,True,0,False
151,75577,ALTR,ALTERA CORP,partial,/Users/armandoordoricadelatorre/Documents/U of T/PhD/PhD Research/Sentiment_learn_to_rank_paper/data/raw/data_explorer_top1k/by_ticker/rank_0151_ALTR,True,False,True,False,56422,90.1104,True,0,False
152,85914,BBY,BEST BUY COMPANY INC,complete,/Users/armandoordoricadelatorre/Documents/U of T/PhD/PhD Research/Sentiment_learn_to_rank_paper/data/raw/data_explorer_top1k/by_ticker/rank_0152_BBY,True,True,True,True,44031,70.321,True,0,False
153,49154,TGT,TARGET CORP,complete,/Users/armandoordoricadelatorre/Documents/U of T/PhD/PhD Research/Sentiment_learn_to_rank_paper/data/raw/data_explorer_top1k/by_ticker/rank_0153_TGT,True,True,True,True,79637,127.1866,True,0,False
155,91461,WU,WESTERN UNION CO,complete,/Users/armandoordoricadelatorre/Documents/U of T/PhD/PhD Research/Sentiment_learn_to_rank_paper/data/raw/data_explorer_top1k/by_ticker/rank_0155_WU,True,True,True,True,18894,30.1752,True,0,False
156,27959,DUK,DUKE ENERGY CORP NEW,complete,/Users/armandoordoricadelatorre/Documents/U of T/PhD/PhD Research/Sentiment_learn_to_rank_paper/data/raw/data_explorer_top1k/by_ticker/rank_0156_DUK,True,True,True,True,50128,80.0584,True,0,False
157,12490,IBM,INTERNATIONAL BUSINESS MACHS COR,complete,/Users/armandoordoricadelatorre/Documents/U of T/PhD/PhD Research/Sentiment_learn_to_rank_paper/data/raw/data_explorer_top1k/by_ticker/rank_0157_IBM,True,True,True,True,274285,438.055,True,0,False
158,12558,KMI,KINDER MORGAN INC,complete,/Users/armandoordoricadelatorre/Documents/U of T/PhD/PhD Research/Sentiment_learn_to_rank_paper/data/raw/data_explorer_top1k/by_ticker/rank_0158_KMI,True,True,True,True,16042,25.6204,True,0,False
161,77462,M,MACYS INC,complete,/Users/armandoordoricadelatorre/Documents/U of T/PhD/PhD Research/Sentiment_learn_to_rank_paper/data/raw/data_explorer_top1k/by_ticker/rank_0161_M,True,True,True,True,59127,94.4305,True,0,False
166,38156,WMB,WILLIAMS COS,complete,/Users/armandoordoricadelatorre/Documents/U of T/PhD/PhD Research/Sentiment_learn_to_rank_paper/data/raw/data_explorer_top1k/by_ticker/rank_0166_WMB,True,True,True,True,29869,47.7032,True,0,False
167,92611,V,VISA INC,complete,/Users/armandoordoricadelatorre/Documents/U of T/PhD/PhD Research/Sentiment_learn_to_rank_paper/data/raw/data_explorer_top1k/by_ticker/rank_0167_V,True,True,True,True,26383,42.1358,True,0,False
169,87842,MET,METLIFE INC,complete,/Users/armandoordoricadelatorre/Documents/U of T/PhD/PhD Research/Sentiment_learn_to_rank_paper/data/raw/data_explorer_top1k/by_ticker/rank_0169_MET,True,True,True,True,54953,87.7643,True,0,False
170,76557,KRB,M B N A CORP,partial,/Users/armandoordoricadelatorre/Documents/U of T/PhD/PhD Research/Sentiment_learn_to_rank_paper/data/raw/data_explorer_top1k/by_ticker/rank_0170_KRB,True,False,True,False,3211,5.1282,True,0,False
172,75857,SLR,SOLECTRON CORP,partial,/Users/armandoordoricadelatorre/Documents/U of T/PhD/PhD Research/Sentiment_learn_to_rank_paper/data/raw/data_explorer_top1k/by_ticker/rank_0172_SLR,True,False,True,False,1343,2.1449,True,0,False
174,52337,THC,TENET HEALTHCARE CORP,complete,/Users/armandoordoricadelatorre/Documents/U of T/PhD/PhD Research/Sentiment_learn_to_rank_paper/data/raw/data_explorer_top1k/by_ticker/rank_0174_THC,True,True,True,True,24501,39.13,True,0,False
175,60097,MDT,MEDTRONIC INC,complete,/Users/armandoordoricadelatorre/Documents/U of T/PhD/PhD Research/Sentiment_learn_to_rank_paper/data/raw/data_explorer_top1k/by_ticker/rank_0175_MDT,True,True,True,True,60777,97.0657,True,0,False
176,11999,MCP,MOLYCORP INC DE,partial,/Users/armandoordoricadelatorre/Documents/U of T/PhD/PhD Research/Sentiment_learn_to_rank_paper/data/raw/data_explorer_top1k/by_ticker/rank_0176_MCP,True,True,True,False,9927,15.8542,True,0,False
177,13856,PEP,PEPSICO INC,complete,/Users/armandoordoricadelatorre/Documents/U of T/PhD/PhD Research/Sentiment_learn_to_rank_paper/data/raw/data_explorer_top1k/by_ticker/rank_0177_PEP,True,True,True,True,82532,131.8102,True,0,False
179,77661,DHI,D R HORTON INC,complete,/Users/armandoordoricadelatorre/Documents/U of T/PhD/PhD Research/Sentiment_learn_to_rank_paper/data/raw/data_explorer_top1k/by_ticker/rank_0179_DHI,True,True,True,True,17355,27.7173,True,0,False
183,10401,T,A T & T CORP,complete,/Users/armandoordoricadelatorre/Documents/U of T/PhD/PhD Research/Sentiment_learn_to_rank_paper/data/raw/data_explorer_top1k/by_ticker/rank_0183_T,True,True,True,True,196095,313.1793,True,0,False
186,50876,LLY,LILLY ELI & CO,complete,/Users/armandoordoricadelatorre/Documents/U of T/PhD/PhD Research/Sentiment_learn_to_rank_paper/data/raw/data_explorer_top1k/by_ticker/rank_0186_LLY,True,True,True,True,66284,105.8608,True,0,False
187,75510,ADBE,ADOBE SYSTEMS INC,complete,/Users/armandoordoricadelatorre/Documents/U of T/PhD/PhD Research/Sentiment_learn_to_rank_paper/data/raw/data_explorer_top1k/by_ticker/rank_0187_ADBE,True,True,True,True,37941,60.5948,True,0,False
188,59483,YRCW,Y R C WORLDWIDE INC,partial,/Users/armandoordoricadelatorre/Documents/U of T/PhD/PhD Research/Sentiment_learn_to_rank_paper/data/raw/data_explorer_top1k/by_ticker/rank_0188_YRCW,True,False,True,False,14480,23.1257,True,0,False
189,11703,DD,DU PONT E I DE NEMOURS & CO,partial,/Users/armandoordoricadelatorre/Documents/U of T/PhD/PhD Research/Sentiment_learn_to_rank_paper/data/raw/data_explorer_top1k/by_ticker/rank_0189_DD,True,True,True,False,821,1.3112,True,0,False
190,91937,TMUS,T MOBILE U S INC,complete,/Users/armandoordoricadelatorre/Documents/U of T/PhD/PhD Research/Sentiment_learn_to_rank_paper/data/raw/data_explorer_top1k/by_ticker/rank_0190_TMUS,True,True,True,True,20517,32.7673,True,0,False
192,92121,DFS,DISCOVER FINANCIAL SERVICES,partial,/Users/armandoordoricadelatorre/Documents/U of T/PhD/PhD Research/Sentiment_learn_to_rank_paper/data/raw/data_explorer_top1k/by_ticker/rank_0192_DFS,True,False,True,False,1752,2.7981,True,0,False
193,81776,SUNE,SUNEDISON INC,complete,/Users/armandoordoricadelatorre/Documents/U of T/PhD/PhD Research/Sentiment_learn_to_rank_paper/data/raw/data_explorer_top1k/by_ticker/rank_0193_SUNE,True,True,True,True,2378,3.7979,True,0,False
195,88917,AGR,AGERE SYSTEMS INC,partial,/Users/armandoordoricadelatorre/Documents/U of T/PhD/PhD Research/Sentiment_learn_to_rank_paper/data/raw/data_explorer_top1k/by_ticker/rank_0195_AGR,True,False,True,False,3033,4.8439,True,0,False
197,26332,CE,CONCORD E F S INC,complete,/Users/armandoordoricadelatorre/Documents/U of T/PhD/PhD Research/Sentiment_learn_to_rank_paper/data/raw/data_explorer_top1k/by_ticker/rank_0197_CE,True,True,True,True,7149,11.4175,True,0,False
198,82775,HIG,HARTFORD FINANCIAL SVCS GRP INC,complete,/Users/armandoordoricadelatorre/Documents/U of T/PhD/PhD Research/Sentiment_learn_to_rank_paper/data/raw/data_explorer_top1k/by_ticker/rank_0198_HIG,True,True,True,True,19799,31.6206,True,0,False
199,88991,BTU,PEABODY ENERGY CORP,partial,/Users/armandoordoricadelatorre/Documents/U of T/PhD/PhD Research/Sentiment_learn_to_rank_paper/data/raw/data_explorer_top1k/by_ticker/rank_0199_BTU,True,False,True,False,20133,32.154,True,0,False
200,15069,MRO,MARATHON OIL CORP,partial,/Users/armandoordoricadelatorre/Documents/U of T/PhD/PhD Research/Sentiment_learn_to_rank_paper/data/raw/data_explorer_top1k/by_ticker/rank_0200_MRO,True,False,True,True,10523,16.8061,True,0,False
202,77546,FDC,FIRST DATA CORP,partial,/Users/armandoordoricadelatorre/Documents/U of T/PhD/PhD Research/Sentiment_learn_to_rank_paper/data/raw/data_explorer_top1k/by_ticker/rank_0202_FDC,True,False,True,False,1092,1.744,True,0,False
203,75326,ACI,ARCH COAL INC,partial,/Users/armandoordoricadelatorre/Documents/U of T/PhD/PhD Research/Sentiment_learn_to_rank_paper/data/raw/data_explorer_top1k/by_ticker/rank_0203_ACI,True,False,True,False,13467,21.5079,True,0,False
205,16678,KR,KROGER CO,complete,/Users/armandoordoricadelatorre/Documents/U of T/PhD/PhD Research/Sentiment_learn_to_rank_paper/data/raw/data_explorer_top1k/by_ticker/rank_0205_KR,True,True,True,True,34566,55.2047,True,0,False
206,75828,EA,ELECTRONIC ARTS INC,complete,/Users/armandoordoricadelatorre/Documents/U of T/PhD/PhD Research/Sentiment_learn_to_rank_paper/data/raw/data_explorer_top1k/by_ticker/rank_0206_EA,True,True,True,True,38425,61.3678,True,0,False
209,81055,COF,CAPITAL ONE FINANCIAL CORP,complete,/Users/armandoordoricadelatorre/Documents/U of T/PhD/PhD Research/Sentiment_learn_to_rank_paper/data/raw/data_explorer_top1k/by_ticker/rank_0209_COF,True,True,True,True,46147,73.7004,True,0,False
212,92346,PCX,PATRIOT COAL CORP,partial,/Users/armandoordoricadelatorre/Documents/U of T/PhD/PhD Research/Sentiment_learn_to_rank_paper/data/raw/data_explorer_top1k/by_ticker/rank_0212_PCX,True,False,True,False,15855,25.3217,True,0,False
214,90319,GOOGL,GOOGLE INC,complete,/Users/armandoordoricadelatorre/Documents/U of T/PhD/PhD Research/Sentiment_learn_to_rank_paper/data/raw/data_explorer_top1k/by_ticker/rank_0214_GOOGL,True,True,True,True,345389,551.6137,True,0,False
215,32651,HL,HECLA MINING CO,complete,/Users/armandoordoricadelatorre/Documents/U of T/PhD/PhD Research/Sentiment_learn_to_rank_paper/data/raw/data_explorer_top1k/by_ticker/rank_0215_HL,True,True,True,True,6698,10.6972,True,0,False
218,19561,BA,BOEING CO,complete,/Users/armandoordoricadelatorre/Documents/U of T/PhD/PhD Research/Sentiment_learn_to_rank_paper/data/raw/data_explorer_top1k/by_ticker/rank_0218_BA,True,True,True,True,212890,340.0023,True,0,False
219,91575,HTZ,HERTZ GLOBAL HOLDINGS INC,partial,/Users/armandoordoricadelatorre/Documents/U of T/PhD/PhD Research/Sentiment_learn_to_rank_paper/data/raw/data_explorer_top1k/by_ticker/rank_0219_HTZ,True,True,True,False,12107,19.3358,True,0,False
220,26112,DAL,DELTA AIR LINES INC,complete,/Users/armandoordoricadelatorre/Documents/U of T/PhD/PhD Research/Sentiment_learn_to_rank_paper/data/raw/data_explorer_top1k/by_ticker/rank_0220_DAL,True,True,True,True,65455,104.5368,True,0,False
221,88992,GEN,GENON ENERGY INC,complete,/Users/armandoordoricadelatorre/Documents/U of T/PhD/PhD Research/Sentiment_learn_to_rank_paper/data/raw/data_explorer_top1k/by_ticker/rank_0221_GEN,True,True,True,True,56185,89.7319,True,0,False
222,89353,JBLU,JETBLUE AIRWAYS CORP,complete,/Users/armandoordoricadelatorre/Documents/U of T/PhD/PhD Research/Sentiment_learn_to_rank_paper/data/raw/data_explorer_top1k/by_ticker/rank_0222_JBLU,True,True,True,True,35194,56.2076,True,0,False
223,62148,CSX,C S X CORP,complete,/Users/armandoordoricadelatorre/Documents/U of T/PhD/PhD Research/Sentiment_learn_to_rank_paper/data/raw/data_explorer_top1k/by_ticker/rank_0223_CSX,True,True,True,True,18378,29.3511,True,0,False
226,76712,AES,A E S CORP,complete,/Users/armandoordoricadelatorre/Documents/U of T/PhD/PhD Research/Sentiment_learn_to_rank_paper/data/raw/data_explorer_top1k/by_ticker/rank_0226_AES,True,True,True,True,35073,56.0144,True,0,False
227,24046,CCU,CLEAR CHANNEL COMMUNICATIONS INC,complete,/Users/armandoordoricadelatorre/Documents/U of T/PhD/PhD Research/Sentiment_learn_to_rank_paper/data/raw/data_explorer_top1k/by_ticker/rank_0227_CCU,True,True,True,True,2804,4.4782,True,0,False
228,10516,ADM,ARCHER DANIELS MIDLAND CO,complete,/Users/armandoordoricadelatorre/Documents/U of T/PhD/PhD Research/Sentiment_learn_to_rank_paper/data/raw/data_explorer_top1k/by_ticker/rank_0228_ADM,True,True,True,True,26861,42.8992,True,0,False
233,66325,SLM,S L M CORP,complete,/Users/armandoordoricadelatorre/Documents/U of T/PhD/PhD Research/Sentiment_learn_to_rank_paper/data/raw/data_explorer_top1k/by_ticker/rank_0233_SLM,True,True,True,True,25761,41.1424,True,0,False
234,34833,OXY,OCCIDENTAL PETROLEUM CORP,complete,/Users/armandoordoricadelatorre/Documents/U of T/PhD/PhD Research/Sentiment_learn_to_rank_paper/data/raw/data_explorer_top1k/by_ticker/rank_0234_OXY,True,True,True,True,27175,43.4006,True,0,False
236,24441,CDE,COEUR MINING INC,complete,/Users/armandoordoricadelatorre/Documents/U of T/PhD/PhD Research/Sentiment_learn_to_rank_paper/data/raw/data_explorer_top1k/by_ticker/rank_0236_CDE,True,True,True,True,8206,13.1056,True,0,False
237,88587,AV,AVAYA INC,partial,/Users/armandoordoricadelatorre/Documents/U of T/PhD/PhD Research/Sentiment_learn_to_rank_paper/data/raw/data_explorer_top1k/by_ticker/rank_0237_AV,True,False,True,False,66894,106.835,True,0,False
240,79641,CAL,CONTINENTAL AIRLINES INC,complete,/Users/armandoordoricadelatorre/Documents/U of T/PhD/PhD Research/Sentiment_learn_to_rank_paper/data/raw/data_explorer_top1k/by_ticker/rank_0240_CAL,True,True,True,True,6406,10.2309,True,0,False
242,75034,BHI,BAKER HUGHES INC,complete,/Users/armandoordoricadelatorre/Documents/U of T/PhD/PhD Research/Sentiment_learn_to_rank_paper/data/raw/data_explorer_top1k/by_ticker/rank_0242_BHI,True,True,True,True,21931,35.0256,True,0,False
243,13963,NWSA,NEWS CORP NEW,complete,/Users/armandoordoricadelatorre/Documents/U of T/PhD/PhD Research/Sentiment_learn_to_rank_paper/data/raw/data_explorer_top1k/by_ticker/rank_0243_NWSA,True,True,True,True,1007,1.6083,True,0,False
246,13788,ZTS,ZOETIS INC,complete,/Users/armandoordoricadelatorre/Documents/U of T/PhD/PhD Research/Sentiment_learn_to_rank_paper/data/raw/data_explorer_top1k/by_ticker/rank_0246_ZTS,True,True,True,True,2940,4.6954,True,0,False
247,21776,EXC,EXELON CORP,complete,/Users/armandoordoricadelatorre/Documents/U of T/PhD/PhD Research/Sentiment_learn_to_rank_paper/data/raw/data_explorer_top1k/by_ticker/rank_0247_EXC,True,True,True,True,36566,58.3988,True,0,False
249,46886,KLAC,K L A TENCOR CORP,complete,/Users/armandoordoricadelatorre/Documents/U of T/PhD/PhD Research/Sentiment_learn_to_rank_paper/data/raw/data_explorer_top1k/by_ticker/rank_0249_KLAC,True,True,True,True,24652,39.3712,True,0,False
251,52708,LEN,LENNAR CORP,complete,/Users/armandoordoricadelatorre/Documents/U of T/PhD/PhD Research/Sentiment_learn_to_rank_paper/data/raw/data_explorer_top1k/by_ticker/rank_0251_LEN,True,True,True,True,25302,40.4093,True,0,False
252,71563,BBT,B B & T CORP,complete,/Users/armandoordoricadelatorre/Documents/U of T/PhD/PhD Research/Sentiment_learn_to_rank_paper/data/raw/data_explorer_top1k/by_ticker/rank_0252_BBT,True,True,True,True,48232,77.0303,True,0,False
254,47175,CC,CIRCUIT CITY STORES INC,partial,/Users/armandoordoricadelatorre/Documents/U of T/PhD/PhD Research/Sentiment_learn_to_rank_paper/data/raw/data_explorer_top1k/by_ticker/rank_0254_CC,True,False,True,False,8757,13.9856,True,0,False
255,16432,GT,GOODYEAR TIRE & RUBBER CO,complete,/Users/armandoordoricadelatorre/Documents/U of T/PhD/PhD Research/Sentiment_learn_to_rank_paper/data/raw/data_explorer_top1k/by_ticker/rank_0255_GT,True,True,True,True,20673,33.0164,True,0,False
256,90386,MOS,MOSAIC CO NEW,complete,/Users/armandoordoricadelatorre/Documents/U of T/PhD/PhD Research/Sentiment_learn_to_rank_paper/data/raw/data_explorer_top1k/by_ticker/rank_0256_MOS,True,True,True,True,17526,27.9904,True,0,False
257,19596,UAL,U A L CORP,complete,/Users/armandoordoricadelatorre/Documents/U of T/PhD/PhD Research/Sentiment_learn_to_rank_paper/data/raw/data_explorer_top1k/by_ticker/rank_0257_UAL,True,True,True,True,55124,88.0374,True,0,False
258,21573,IP,INTERNATIONAL PAPER CO,complete,/Users/armandoordoricadelatorre/Documents/U of T/PhD/PhD Research/Sentiment_learn_to_rank_paper/data/raw/data_explorer_top1k/by_ticker/rank_0258_IP,True,True,True,True,21275,33.9779,True,0,False
259,45911,SWKS,SKYWORKS SOLUTIONS INC,complete,/Users/armandoordoricadelatorre/Documents/U of T/PhD/PhD Research/Sentiment_learn_to_rank_paper/data/raw/data_explorer_top1k/by_ticker/rank_0259_SWKS,True,True,True,True,7690,12.2815,True,0,False
260,10145,HON,HONEYWELL INTERNATIONAL INC,complete,/Users/armandoordoricadelatorre/Documents/U of T/PhD/PhD Research/Sentiment_learn_to_rank_paper/data/raw/data_explorer_top1k/by_ticker/rank_0260_HON,True,True,True,True,43250,69.0737,True,0,False
261,14338,HLT,HILTON WORLDWIDE HOLDINGS INC,complete,/Users/armandoordoricadelatorre/Documents/U of T/PhD/PhD Research/Sentiment_learn_to_rank_paper/data/raw/data_explorer_top1k/by_ticker/rank_0261_HLT,True,True,True,True,22400,35.7746,True,0,False
264,34032,MAS,MASCO CORP,complete,/Users/armandoordoricadelatorre/Documents/U of T/PhD/PhD Research/Sentiment_learn_to_rank_paper/data/raw/data_explorer_top1k/by_ticker/rank_0264_MAS,True,True,True,True,16537,26.4109,True,0,False
267,76804,MTG,M G I C INVESTMENT CORP WIS,complete,/Users/armandoordoricadelatorre/Documents/U of T/PhD/PhD Research/Sentiment_learn_to_rank_paper/data/raw/data_explorer_top1k/by_ticker/rank_0267_MTG,True,True,True,True,12833,20.4953,True,0,False
268,93436,TSLA,TESLA MOTORS INC,complete,/Users/armandoordoricadelatorre/Documents/U of T/PhD/PhD Research/Sentiment_learn_to_rank_paper/data/raw/data_explorer_top1k/by_ticker/rank_0268_TSLA,True,True,True,True,14604,23.3238,True,0,False
271,77606,KSS,KOHLS CORP,complete,/Users/armandoordoricadelatorre/Documents/U of T/PhD/PhD Research/Sentiment_learn_to_rank_paper/data/raw/data_explorer_top1k/by_ticker/rank_0271_KSS,True,True,True,True,32550,51.9849,True,0,False
273,17830,UTX,UNITED TECHNOLOGIES CORP,complete,/Users/armandoordoricadelatorre/Documents/U of T/PhD/PhD Research/Sentiment_learn_to_rank_paper/data/raw/data_explorer_top1k/by_ticker/rank_0273_UTX,True,True,True,True,58227,92.9932,True,0,False
274,13356,PSX,PHILLIPS 66,complete,/Users/armandoordoricadelatorre/Documents/U of T/PhD/PhD Research/Sentiment_learn_to_rank_paper/data/raw/data_explorer_top1k/by_ticker/rank_0274_PSX,True,True,True,True,6855,10.948,True,0,False
277,88668,MON,MONSANTO CO NEW,partial,/Users/armandoordoricadelatorre/Documents/U of T/PhD/PhD Research/Sentiment_learn_to_rank_paper/data/raw/data_explorer_top1k/by_ticker/rank_0277_MON,True,False,True,False,1438,2.2966,True,0,False
279,79108,SANM,SANMINA CORP,complete,/Users/armandoordoricadelatorre/Documents/U of T/PhD/PhD Research/Sentiment_learn_to_rank_paper/data/raw/data_explorer_top1k/by_ticker/rank_0279_SANM,True,True,True,True,15207,24.2868,True,0,False
280,65138,ONE,BANK ONE CORP,partial,/Users/armandoordoricadelatorre/Documents/U of T/PhD/PhD Research/Sentiment_learn_to_rank_paper/data/raw/data_explorer_top1k/by_ticker/rank_0280_ONE,True,False,True,False,839,1.3399,True,0,False
282,80432,AEO,AMERICAN EAGLE OUTFITTERS INC NE,complete,/Users/armandoordoricadelatorre/Documents/U of T/PhD/PhD Research/Sentiment_learn_to_rank_paper/data/raw/data_explorer_top1k/by_ticker/rank_0282_AEO,True,True,True,True,17556,28.0383,True,0,False
283,40539,TJX,T J X COMPANIES INC NEW,complete,/Users/armandoordoricadelatorre/Documents/U of T/PhD/PhD Research/Sentiment_learn_to_rank_paper/data/raw/data_explorer_top1k/by_ticker/rank_0283_TJX,True,True,True,True,18518,29.5747,True,0,False
284,14558,ALLY,ALLY FINANCIAL INC,complete,/Users/armandoordoricadelatorre/Documents/U of T/PhD/PhD Research/Sentiment_learn_to_rank_paper/data/raw/data_explorer_top1k/by_ticker/rank_0284_ALLY,True,True,True,True,8627,13.778,True,0,False
286,88661,COH,COACH INC,complete,/Users/armandoordoricadelatorre/Documents/U of T/PhD/PhD Research/Sentiment_learn_to_rank_paper/data/raw/data_explorer_top1k/by_ticker/rank_0286_COH,True,True,True,True,10356,16.5394,True,0,False
287,84032,NOV,NATIONAL OILWELL VARCO INC,complete,/Users/armandoordoricadelatorre/Documents/U of T/PhD/PhD Research/Sentiment_learn_to_rank_paper/data/raw/data_explorer_top1k/by_ticker/rank_0287_NOV,True,True,True,True,10940,17.4721,True,0,False
288,66384,WDC,WESTERN DIGITAL CORP,complete,/Users/armandoordoricadelatorre/Documents/U of T/PhD/PhD Research/Sentiment_learn_to_rank_paper/data/raw/data_explorer_top1k/by_ticker/rank_0288_WDC,True,True,True,True,15331,24.4848,True,0,False
290,87447,UPS,UNITED PARCEL SERVICE INC,complete,/Users/armandoordoricadelatorre/Documents/U of T/PhD/PhD Research/Sentiment_learn_to_rank_paper/data/raw/data_explorer_top1k/by_ticker/rank_0290_UPS,True,True,True,True,30298,48.3883,True,0,False
292,14322,S,SEARS ROEBUCK & CO,partial,/Users/armandoordoricadelatorre/Documents/U of T/PhD/PhD Research/Sentiment_learn_to_rank_paper/data/raw/data_explorer_top1k/by_ticker/rank_0292_S,True,False,True,False,4114,6.5704,True,0,False
294,89400,AGR,AGERE SYSTEMS INC,partial,/Users/armandoordoricadelatorre/Documents/U of T/PhD/PhD Research/Sentiment_learn_to_rank_paper/data/raw/data_explorer_top1k/by_ticker/rank_0294_AGR,True,False,True,False,3033,4.8439,True,0,False
295,91611,FSLR,FIRST SOLAR INC,complete,/Users/armandoordoricadelatorre/Documents/U of T/PhD/PhD Research/Sentiment_learn_to_rank_paper/data/raw/data_explorer_top1k/by_ticker/rank_0295_FSLR,True,True,True,True,11559,18.4606,True,0,False
296,87299,AKAM,AKAMAI TECHNOLOGIES INC,complete,/Users/armandoordoricadelatorre/Documents/U of T/PhD/PhD Research/Sentiment_learn_to_rank_paper/data/raw/data_explorer_top1k/by_ticker/rank_0296_AKAM,True,True,True,True,15484,24.7292,True,0,False
300,59184,BUD,ANHEUSER BUSCH COS INC,complete,/Users/armandoordoricadelatorre/Documents/U of T/PhD/PhD Research/Sentiment_learn_to_rank_paper/data/raw/data_explorer_top1k/by_ticker/rank_0300_BUD,True,True,True,True,35305,56.3849,True,0,False
302,75175,MBI,M B I A INC,complete,/Users/armandoordoricadelatorre/Documents/U of T/PhD/PhD Research/Sentiment_learn_to_rank_paper/data/raw/data_explorer_top1k/by_ticker/rank_0302_MBI,True,True,True,True,30562,48.8099,True,0,False
303,18411,SO,SOUTHERN CO,complete,/Users/armandoordoricadelatorre/Documents/U of T/PhD/PhD Research/Sentiment_learn_to_rank_paper/data/raw/data_explorer_top1k/by_ticker/rank_0303_SO,True,True,True,True,20240,32.3249,True,0,False
305,25778,CA,C A INC,partial,/Users/armandoordoricadelatorre/Documents/U of T/PhD/PhD Research/Sentiment_learn_to_rank_paper/data/raw/data_explorer_top1k/by_ticker/rank_0305_CA,True,False,True,False,40699,64.9995,True,0,False
306,27422,CLF,CLIFFS NATURAL RESOURCES INC,complete,/Users/armandoordoricadelatorre/Documents/U of T/PhD/PhD Research/Sentiment_learn_to_rank_paper/data/raw/data_explorer_top1k/by_ticker/rank_0306_CLF,True,True,True,True,13232,21.1326,True,0,False
307,90808,EXPE,EXPEDIA INC DE,complete,/Users/armandoordoricadelatorre/Documents/U of T/PhD/PhD Research/Sentiment_learn_to_rank_paper/data/raw/data_explorer_top1k/by_ticker/rank_0307_EXPE,True,True,True,True,27868,44.5074,True,0,False
309,45277,IGT,INTERNATIONAL GAME TECHNOLOGY,partial,/Users/armandoordoricadelatorre/Documents/U of T/PhD/PhD Research/Sentiment_learn_to_rank_paper/data/raw/data_explorer_top1k/by_ticker/rank_0309_IGT,True,False,True,False,11575,18.4862,True,0,False
310,16505,BPOP,POPULAR INC,complete,/Users/armandoordoricadelatorre/Documents/U of T/PhD/PhD Research/Sentiment_learn_to_rank_paper/data/raw/data_explorer_top1k/by_ticker/rank_0310_BPOP,True,True,True,True,5347,8.5396,True,0,False
311,79323,ALL,ALLSTATE CORP,complete,/Users/armandoordoricadelatorre/Documents/U of T/PhD/PhD Research/Sentiment_learn_to_rank_paper/data/raw/data_explorer_top1k/by_ticker/rank_0311_ALL,True,True,True,True,27705,44.2471,True,0,False
313,51369,TER,TERADYNE INC,complete,/Users/armandoordoricadelatorre/Documents/U of T/PhD/PhD Research/Sentiment_learn_to_rank_paper/data/raw/data_explorer_top1k/by_ticker/rank_0313_TER,True,True,True,True,8431,13.465,True,0,False
315,87055,COST,COSTCO WHOLESALE CORP NEW,complete,/Users/armandoordoricadelatorre/Documents/U of T/PhD/PhD Research/Sentiment_learn_to_rank_paper/data/raw/data_explorer_top1k/by_ticker/rank_0315_COST,True,True,True,True,39944,63.7937,True,0,False
318,87137,DVN,DEVON ENERGY CORP NEW,complete,/Users/armandoordoricadelatorre/Documents/U of T/PhD/PhD Research/Sentiment_learn_to_rank_paper/data/raw/data_explorer_top1k/by_ticker/rank_0318_DVN,True,True,True,True,21097,33.6936,True,0,False
319,70092,KBH,K B HOME,complete,/Users/armandoordoricadelatorre/Documents/U of T/PhD/PhD Research/Sentiment_learn_to_rank_paper/data/raw/data_explorer_top1k/by_ticker/rank_0319_KBH,True,True,True,True,18997,30.3397,True,0,False
320,72726,STT,STATE STREET CORP,complete,/Users/armandoordoricadelatorre/Documents/U of T/PhD/PhD Research/Sentiment_learn_to_rank_paper/data/raw/data_explorer_top1k/by_ticker/rank_0320_STT,True,True,True,True,20555,32.828,True,0,False
322,88845,AET,AETNA INC NEW,partial,/Users/armandoordoricadelatorre/Documents/U of T/PhD/PhD Research/Sentiment_learn_to_rank_paper/data/raw/data_explorer_top1k/by_ticker/rank_0322_AET,True,True,True,False,3079,4.9174,True,0,False
325,79857,PTEN,PATTERSON U T I ENERGY INC,complete,/Users/armandoordoricadelatorre/Documents/U of T/PhD/PhD Research/Sentiment_learn_to_rank_paper/data/raw/data_explorer_top1k/by_ticker/rank_0325_PTEN,True,True,True,True,6823,10.8969,True,0,False
326,77730,TSN,TYSON FOODS INC,complete,/Users/armandoordoricadelatorre/Documents/U of T/PhD/PhD Research/Sentiment_learn_to_rank_paper/data/raw/data_explorer_top1k/by_ticker/rank_0326_TSN,True,True,True,True,21182,33.8293,True,0,False
329,60871,ADI,ANALOG DEVICES INC,complete,/Users/armandoordoricadelatorre/Documents/U of T/PhD/PhD Research/Sentiment_learn_to_rank_paper/data/raw/data_explorer_top1k/by_ticker/rank_0329_ADI,True,True,True,True,11572,18.4814,True,0,False
330,88264,SONS,SONUS NETWORKS INC,complete,/Users/armandoordoricadelatorre/Documents/U of T/PhD/PhD Research/Sentiment_learn_to_rank_paper/data/raw/data_explorer_top1k/by_ticker/rank_0330_SONS,True,True,True,True,6690,10.6845,True,0,False
331,63765,SWN,SOUTHWESTERN ENERGY CO,partial,/Users/armandoordoricadelatorre/Documents/U of T/PhD/PhD Research/Sentiment_learn_to_rank_paper/data/raw/data_explorer_top1k/by_ticker/rank_0331_SWN,True,False,True,True,37177,59.3746,True,0,False
333,81262,CMX,CAREMARK RX INC,partial,/Users/armandoordoricadelatorre/Documents/U of T/PhD/PhD Research/Sentiment_learn_to_rank_paper/data/raw/data_explorer_top1k/by_ticker/rank_0333_CMX,True,True,True,False,1112,1.776,True,0,False
334,34817,NUE,NUCOR CORP,complete,/Users/armandoordoricadelatorre/Documents/U of T/PhD/PhD Research/Sentiment_learn_to_rank_paper/data/raw/data_explorer_top1k/by_ticker/rank_0334_NUE,True,True,True,True,15398,24.5918,True,0,False
335,22592,MMM,3M CO,complete,/Users/armandoordoricadelatorre/Documents/U of T/PhD/PhD Research/Sentiment_learn_to_rank_paper/data/raw/data_explorer_top1k/by_ticker/rank_0335_MMM,True,True,True,True,40760,65.097,True,0,False
337,92190,MF,M F GLOBAL HOLDINGS LTD,partial,/Users/armandoordoricadelatorre/Documents/U of T/PhD/PhD Research/Sentiment_learn_to_rank_paper/data/raw/data_explorer_top1k/by_ticker/rank_0337_MF,True,False,True,False,5531,8.8334,True,0,False
338,19350,DE,DEERE & CO,complete,/Users/armandoordoricadelatorre/Documents/U of T/PhD/PhD Research/Sentiment_learn_to_rank_paper/data/raw/data_explorer_top1k/by_ticker/rank_0338_DE,True,True,True,True,36426,58.1752,True,0,False
339,64282,LB,L BRANDS INC,partial,/Users/armandoordoricadelatorre/Documents/U of T/PhD/PhD Research/Sentiment_learn_to_rank_paper/data/raw/data_explorer_top1k/by_ticker/rank_0339_LB,True,True,True,False,28795,45.9879,True,0,False
340,12872,MPC,MARATHON PETROLEUM CORP,complete,/Users/armandoordoricadelatorre/Documents/U of T/PhD/PhD Research/Sentiment_learn_to_rank_paper/data/raw/data_explorer_top1k/by_ticker/rank_0340_MPC,True,True,True,True,6169,9.8524,True,0,False
341,64390,PGR,PROGRESSIVE CORP OH,complete,/Users/armandoordoricadelatorre/Documents/U of T/PhD/PhD Research/Sentiment_learn_to_rank_paper/data/raw/data_explorer_top1k/by_ticker/rank_0341_PGR,True,True,True,True,10625,16.969,True,0,False
343,12622,HCA,H C A HOLDINGS INC,complete,/Users/armandoordoricadelatorre/Documents/U of T/PhD/PhD Research/Sentiment_learn_to_rank_paper/data/raw/data_explorer_top1k/by_ticker/rank_0343_HCA,True,True,True,True,15652,24.9975,True,0,False
344,85753,VRSN,VERISIGN INC,complete,/Users/armandoordoricadelatorre/Documents/U of T/PhD/PhD Research/Sentiment_learn_to_rank_paper/data/raw/data_explorer_top1k/by_ticker/rank_0344_VRSN,True,True,True,True,26294,41.9936,True,0,False
347,27887,BAX,BAXTER INTERNATIONAL INC,complete,/Users/armandoordoricadelatorre/Documents/U of T/PhD/PhD Research/Sentiment_learn_to_rank_paper/data/raw/data_explorer_top1k/by_ticker/rank_0347_BAX,True,True,True,True,27662,44.1784,True,0,False
348,87054,HK,PETROHAWK ENERGY CORP,partial,/Users/armandoordoricadelatorre/Documents/U of T/PhD/PhD Research/Sentiment_learn_to_rank_paper/data/raw/data_explorer_top1k/by_ticker/rank_0348_HK,True,False,True,False,1251,1.9979,True,0,False
349,89258,PRU,PRUDENTIAL FINANCIAL INC,complete,/Users/armandoordoricadelatorre/Documents/U of T/PhD/PhD Research/Sentiment_learn_to_rank_paper/data/raw/data_explorer_top1k/by_ticker/rank_0349_PRU,True,True,True,True,120631,192.6573,True,0,False
350,77659,BBBY,BED BATH & BEYOND INC,complete,/Users/armandoordoricadelatorre/Documents/U of T/PhD/PhD Research/Sentiment_learn_to_rank_paper/data/raw/data_explorer_top1k/by_ticker/rank_0350_BBBY,True,True,True,True,8653,13.8195,True,0,False
353,56274,CAG,CONAGRA INC,complete,/Users/armandoordoricadelatorre/Documents/U of T/PhD/PhD Research/Sentiment_learn_to_rank_paper/data/raw/data_explorer_top1k/by_ticker/rank_0353_CAG,True,True,True,True,29105,46.483,True,0,False
354,42534,JCI,JOHNSON CONTROLS INC,complete,/Users/armandoordoricadelatorre/Documents/U of T/PhD/PhD Research/Sentiment_learn_to_rank_paper/data/raw/data_explorer_top1k/by_ticker/rank_0354_JCI,True,True,True,True,40483,64.6546,True,0,False
355,80900,VRA,VIRAGEN INC,complete,/Users/armandoordoricadelatorre/Documents/U of T/PhD/PhD Research/Sentiment_learn_to_rank_paper/data/raw/data_explorer_top1k/by_ticker/rank_0355_VRA,True,True,True,True,2783,4.4447,True,0,False
362,22103,EMR,EMERSON ELECTRIC CO,complete,/Users/armandoordoricadelatorre/Documents/U of T/PhD/PhD Research/Sentiment_learn_to_rank_paper/data/raw/data_explorer_top1k/by_ticker/rank_0362_EMR,True,True,True,True,21733,34.7093,True,0,False
364,16424,G,GILLETTE CO,complete,/Users/armandoordoricadelatorre/Documents/U of T/PhD/PhD Research/Sentiment_learn_to_rank_paper/data/raw/data_explorer_top1k/by_ticker/rank_0364_G,True,True,True,True,29981,47.882,True,0,False
365,39538,MAT,MATTEL INC,complete,/Users/armandoordoricadelatorre/Documents/U of T/PhD/PhD Research/Sentiment_learn_to_rank_paper/data/raw/data_explorer_top1k/by_ticker/rank_0365_MAT,True,True,True,True,32239,51.4883,True,0,False
366,70228,TOL,TOLL BROTHERS INC,complete,/Users/armandoordoricadelatorre/Documents/U of T/PhD/PhD Research/Sentiment_learn_to_rank_paper/data/raw/data_explorer_top1k/by_ticker/rank_0366_TOL,True,True,True,True,23838,38.0712,True,0,False
372,86176,KG,KING PHARMACEUTICALS INC,complete,/Users/armandoordoricadelatorre/Documents/U of T/PhD/PhD Research/Sentiment_learn_to_rank_paper/data/raw/data_explorer_top1k/by_ticker/rank_0372_KG,True,True,True,True,974,1.5556,True,0,False
373,52038,SYY,SYSCO CORP,complete,/Users/armandoordoricadelatorre/Documents/U of T/PhD/PhD Research/Sentiment_learn_to_rank_paper/data/raw/data_explorer_top1k/by_ticker/rank_0373_SYY,True,True,True,True,15187,24.2548,True,0,False
374,60442,PNC,P N C FINANCIAL SERVICES GRP INC,complete,/Users/armandoordoricadelatorre/Documents/U of T/PhD/PhD Research/Sentiment_learn_to_rank_paper/data/raw/data_explorer_top1k/by_ticker/rank_0374_PNC,True,True,True,True,68087,108.7404,True,0,False
376,45751,MMC,MARSH & MCLENNAN COS INC,partial,/Users/armandoordoricadelatorre/Documents/U of T/PhD/PhD Research/Sentiment_learn_to_rank_paper/data/raw/data_explorer_top1k/by_ticker/rank_0376_MMC,True,False,True,True,82669,132.029,True,0,False
377,45794,SII,SMITH INTERNATIONAL INC,complete,/Users/armandoordoricadelatorre/Documents/U of T/PhD/PhD Research/Sentiment_learn_to_rank_paper/data/raw/data_explorer_top1k/by_ticker/rank_0377_SII,True,True,True,True,9818,15.6801,True,0,False
378,89179,ANTM,ANTHEM INC,complete,/Users/armandoordoricadelatorre/Documents/U of T/PhD/PhD Research/Sentiment_learn_to_rank_paper/data/raw/data_explorer_top1k/by_ticker/rank_0378_ANTM,True,True,True,True,33495,53.4942,True,0,False
381,59459,TRV,TRAVELERS COMPANIES INC,complete,/Users/armandoordoricadelatorre/Documents/U of T/PhD/PhD Research/Sentiment_learn_to_rank_paper/data/raw/data_explorer_top1k/by_ticker/rank_0381_TRV,True,True,True,True,26201,41.8451,True,0,False
382,76841,BIIB,BIOGEN IDEC INC,complete,/Users/armandoordoricadelatorre/Documents/U of T/PhD/PhD Research/Sentiment_learn_to_rank_paper/data/raw/data_explorer_top1k/by_ticker/rank_0382_BIIB,True,True,True,True,45947,73.381,True,0,False
383,90558,HUN,HUNTSMAN CORP,complete,/Users/armandoordoricadelatorre/Documents/U of T/PhD/PhD Research/Sentiment_learn_to_rank_paper/data/raw/data_explorer_top1k/by_ticker/rank_0383_HUN,True,True,True,True,11471,18.3201,True,0,False
385,90199,CBG,C B R E GROUP INC,complete,/Users/armandoordoricadelatorre/Documents/U of T/PhD/PhD Research/Sentiment_learn_to_rank_paper/data/raw/data_explorer_top1k/by_ticker/rank_0385_CBG,True,True,True,True,9644,15.4022,True,0,False
386,21792,CNP,CENTERPOINT ENERGY INC,complete,/Users/armandoordoricadelatorre/Documents/U of T/PhD/PhD Research/Sentiment_learn_to_rank_paper/data/raw/data_explorer_top1k/by_ticker/rank_0386_CNP,True,True,True,True,20290,32.4047,True,0,False
387,84262,STLD,STEEL DYNAMICS INC,complete,/Users/armandoordoricadelatorre/Documents/U of T/PhD/PhD Research/Sentiment_learn_to_rank_paper/data/raw/data_explorer_top1k/by_ticker/rank_0387_STLD,True,True,True,True,9504,15.1786,True,0,False
388,86111,AMT,AMERICAN TOWER CORP NEW,complete,/Users/armandoordoricadelatorre/Documents/U of T/PhD/PhD Research/Sentiment_learn_to_rank_paper/data/raw/data_explorer_top1k/by_ticker/rank_0388_AMT,True,True,True,True,11159,17.8218,True,0,False
389,91388,H,REALOGY CORP,complete,/Users/armandoordoricadelatorre/Documents/U of T/PhD/PhD Research/Sentiment_learn_to_rank_paper/data/raw/data_explorer_top1k/by_ticker/rank_0389_H,True,True,True,True,47081,75.1921,True,0,False
392,87432,A,AGILENT TECHNOLOGIES INC,complete,/Users/armandoordoricadelatorre/Documents/U of T/PhD/PhD Research/Sentiment_learn_to_rank_paper/data/raw/data_explorer_top1k/by_ticker/rank_0392_A,True,True,True,True,21375,34.1376,True,0,False
394,11403,CDNS,CADENCE DESIGN SYSTEMS INC,complete,/Users/armandoordoricadelatorre/Documents/U of T/PhD/PhD Research/Sentiment_learn_to_rank_paper/data/raw/data_explorer_top1k/by_ticker/rank_0394_CDNS,True,True,True,True,10423,16.6464,True,0,False
395,85631,ADSK,AUTODESK INC,complete,/Users/armandoordoricadelatorre/Documents/U of T/PhD/PhD Research/Sentiment_learn_to_rank_paper/data/raw/data_explorer_top1k/by_ticker/rank_0395_ADSK,True,True,True,True,22792,36.4006,True,0,False
396,25487,CAR,AVIS BUDGET GROUP INC,complete,/Users/armandoordoricadelatorre/Documents/U of T/PhD/PhD Research/Sentiment_learn_to_rank_paper/data/raw/data_explorer_top1k/by_ticker/rank_0396_CAR,True,True,True,True,30111,48.0897,True,0,False
397,78840,IACI,IAC INTERACTIVECORP,partial,/Users/armandoordoricadelatorre/Documents/U of T/PhD/PhD Research/Sentiment_learn_to_rank_paper/data/raw/data_explorer_top1k/by_ticker/rank_0397_IACI,True,False,True,False,31183,49.8017,True,0,False
398,92530,CPN,CALPINE CORP,partial,/Users/armandoordoricadelatorre/Documents/U of T/PhD/PhD Research/Sentiment_learn_to_rank_paper/data/raw/data_explorer_top1k/by_ticker/rank_0398_CPN,True,True,True,False,736,1.1755,True,0,False
406,63562,GW,GREY WOLF INC,partial,/Users/armandoordoricadelatorre/Documents/U of T/PhD/PhD Research/Sentiment_learn_to_rank_paper/data/raw/data_explorer_top1k/by_ticker/rank_0406_GW,True,False,True,False,2846,4.5453,True,0,False
408,17806,PD,PHELPS DODGE CORP,partial,/Users/armandoordoricadelatorre/Documents/U of T/PhD/PhD Research/Sentiment_learn_to_rank_paper/data/raw/data_explorer_top1k/by_ticker/rank_0408_PD,True,False,True,False,8348,13.3324,True,0,False
409,57904,AFL,AFLAC INC,complete,/Users/armandoordoricadelatorre/Documents/U of T/PhD/PhD Research/Sentiment_learn_to_rank_paper/data/raw/data_explorer_top1k/by_ticker/rank_0409_AFL,True,True,True,True,18285,29.2026,True,0,False
411,78038,RDN,RADIAN GROUP INC,complete,/Users/armandoordoricadelatorre/Documents/U of T/PhD/PhD Research/Sentiment_learn_to_rank_paper/data/raw/data_explorer_top1k/by_ticker/rank_0411_RDN,True,True,True,True,9477,15.1355,True,0,False
413,93096,DG,DOLLAR GENERAL CORP NEW,complete,/Users/armandoordoricadelatorre/Documents/U of T/PhD/PhD Research/Sentiment_learn_to_rank_paper/data/raw/data_explorer_top1k/by_ticker/rank_0413_DG,True,True,True,True,15954,25.4798,True,0,False
414,85348,YUM,YUM BRANDS INC,complete,/Users/armandoordoricadelatorre/Documents/U of T/PhD/PhD Research/Sentiment_learn_to_rank_paper/data/raw/data_explorer_top1k/by_ticker/rank_0414_YUM,True,True,True,True,35551,56.7778,True,0,False
415,89393,NFLX,NETFLIX INC,complete,/Users/armandoordoricadelatorre/Documents/U of T/PhD/PhD Research/Sentiment_learn_to_rank_paper/data/raw/data_explorer_top1k/by_ticker/rank_0415_NFLX,True,True,True,True,47029,75.1091,True,0,False
419,23309,HLT,HILTON HOTELS CORP,complete,/Users/armandoordoricadelatorre/Documents/U of T/PhD/PhD Research/Sentiment_learn_to_rank_paper/data/raw/data_explorer_top1k/by_ticker/rank_0419_HLT,True,True,True,True,22400,35.7746,True,0,False
420,49015,LNC,LINCOLN NATIONAL CORP,complete,/Users/armandoordoricadelatorre/Documents/U of T/PhD/PhD Research/Sentiment_learn_to_rank_paper/data/raw/data_explorer_top1k/by_ticker/rank_0420_LNC,True,True,True,True,22625,36.1339,True,0,False
422,91207,HOT,STARWOOD HOTELS & REST WLDWD INC,partial,/Users/armandoordoricadelatorre/Documents/U of T/PhD/PhD Research/Sentiment_learn_to_rank_paper/data/raw/data_explorer_top1k/by_ticker/rank_0422_HOT,True,False,True,False,10721,17.1223,True,0,False
425,90071,NRG,N R G ENERGY INC,complete,/Users/armandoordoricadelatorre/Documents/U of T/PhD/PhD Research/Sentiment_learn_to_rank_paper/data/raw/data_explorer_top1k/by_ticker/rank_0425_NRG,True,True,True,True,17098,27.3069,True,0,False
429,86158,CTSH,COGNIZANT TECHNOLOGY SOLS CORP,complete,/Users/armandoordoricadelatorre/Documents/U of T/PhD/PhD Research/Sentiment_learn_to_rank_paper/data/raw/data_explorer_top1k/by_ticker/rank_0429_CTSH,True,True,True,True,9064,14.4759,True,0,False
430,61621,PAYX,PAYCHEX INC,complete,/Users/armandoordoricadelatorre/Documents/U of T/PhD/PhD Research/Sentiment_learn_to_rank_paper/data/raw/data_explorer_top1k/by_ticker/rank_0430_PAYX,True,True,True,True,15855,25.3217,True,0,False
431,19828,WEN,WENDYS CO,complete,/Users/armandoordoricadelatorre/Documents/U of T/PhD/PhD Research/Sentiment_learn_to_rank_paper/data/raw/data_explorer_top1k/by_ticker/rank_0431_WEN,True,True,True,True,14600,23.3174,True,0,False
432,22517,PPL,P P L CORP,complete,/Users/armandoordoricadelatorre/Documents/U of T/PhD/PhD Research/Sentiment_learn_to_rank_paper/data/raw/data_explorer_top1k/by_ticker/rank_0432_PPL,True,True,True,True,12170,19.4365,True,0,False
433,76171,HCA,H C A INC NEW,complete,/Users/armandoordoricadelatorre/Documents/U of T/PhD/PhD Research/Sentiment_learn_to_rank_paper/data/raw/data_explorer_top1k/by_ticker/rank_0433_HCA,True,True,True,True,15652,24.9975,True,0,False
437,78975,INTU,INTUIT INC,complete,/Users/armandoordoricadelatorre/Documents/U of T/PhD/PhD Research/Sentiment_learn_to_rank_paper/data/raw/data_explorer_top1k/by_ticker/rank_0437_INTU,True,True,True,True,23106,36.9021,True,0,False
439,17144,GIS,GENERAL MILLS INC,complete,/Users/armandoordoricadelatorre/Documents/U of T/PhD/PhD Research/Sentiment_learn_to_rank_paper/data/raw/data_explorer_top1k/by_ticker/rank_0439_GIS,True,True,True,True,37225,59.4513,True,0,False
440,79881,URBN,URBAN OUTFITTERS INC,complete,/Users/armandoordoricadelatorre/Documents/U of T/PhD/PhD Research/Sentiment_learn_to_rank_paper/data/raw/data_explorer_top1k/by_ticker/rank_0440_URBN,True,True,True,True,11188,17.8681,True,0,False
441,89346,TAP,TRAVELERS PPTY CASUALTY CORP NEW,complete,/Users/armandoordoricadelatorre/Documents/U of T/PhD/PhD Research/Sentiment_learn_to_rank_paper/data/raw/data_explorer_top1k/by_ticker/rank_0441_TAP,True,True,True,True,13773,21.9966,True,0,False
444,49373,HRB,BLOCK H & R INC,complete,/Users/armandoordoricadelatorre/Documents/U of T/PhD/PhD Research/Sentiment_learn_to_rank_paper/data/raw/data_explorer_top1k/by_ticker/rank_0444_HRB,True,True,True,True,18467,29.4933,True,0,False
445,91090,CROX,CROCS INC,complete,/Users/armandoordoricadelatorre/Documents/U of T/PhD/PhD Research/Sentiment_learn_to_rank_paper/data/raw/data_explorer_top1k/by_ticker/rank_0445_CROX,True,True,True,True,8861,14.1517,True,0,False
446,10791,SGI,SILICON GRAPHICS INC,complete,/Users/armandoordoricadelatorre/Documents/U of T/PhD/PhD Research/Sentiment_learn_to_rank_paper/data/raw/data_explorer_top1k/by_ticker/rank_0446_SGI,True,True,True,True,8295,13.2478,True,0,False
447,85913,MAR,MARRIOTT INTERNATIONAL INC NEW,complete,/Users/armandoordoricadelatorre/Documents/U of T/PhD/PhD Research/Sentiment_learn_to_rank_paper/data/raw/data_explorer_top1k/by_ticker/rank_0447_MAR,True,True,True,True,32399,51.7438,True,0,False
448,68591,STJ,ST JUDE MEDICAL INC,partial,/Users/armandoordoricadelatorre/Documents/U of T/PhD/PhD Research/Sentiment_learn_to_rank_paper/data/raw/data_explorer_top1k/by_ticker/rank_0448_STJ,True,False,True,False,9132,14.5845,True,0,False
449,86799,CNX,CONSOL ENERGY INC,complete,/Users/armandoordoricadelatorre/Documents/U of T/PhD/PhD Research/Sentiment_learn_to_rank_paper/data/raw/data_explorer_top1k/by_ticker/rank_0449_CNX,True,True,True,True,14498,23.1545,True,0,False
451,60599,CTL,CENTURYLINK INC,complete,/Users/armandoordoricadelatorre/Documents/U of T/PhD/PhD Research/Sentiment_learn_to_rank_paper/data/raw/data_explorer_top1k/by_ticker/rank_0451_CTL,True,True,True,True,16064,25.6555,True,0,False
452,91071,MIR,MIRANT CORP NEW,partial,/Users/armandoordoricadelatorre/Documents/U of T/PhD/PhD Research/Sentiment_learn_to_rank_paper/data/raw/data_explorer_top1k/by_ticker/rank_0452_MIR,True,False,True,False,1295,2.0682,True,0,False
454,48486,LRCX,LAM RESH CORP,complete,/Users/armandoordoricadelatorre/Documents/U of T/PhD/PhD Research/Sentiment_learn_to_rank_paper/data/raw/data_explorer_top1k/by_ticker/rank_0454_LRCX,True,True,True,True,10239,16.3525,True,0,False
456,65285,HOV,HOVNANIAN ENTERPRISES INC,complete,/Users/armandoordoricadelatorre/Documents/U of T/PhD/PhD Research/Sentiment_learn_to_rank_paper/data/raw/data_explorer_top1k/by_ticker/rank_0456_HOV,True,True,True,True,12940,20.6662,True,0,False
457,79094,JBL,JABIL CIRCUIT INC,complete,/Users/armandoordoricadelatorre/Documents/U of T/PhD/PhD Research/Sentiment_learn_to_rank_paper/data/raw/data_explorer_top1k/by_ticker/rank_0457_JBL,True,True,True,True,11205,17.8953,True,0,False
462,13567,ADT,A D T CORP,partial,/Users/armandoordoricadelatorre/Documents/U of T/PhD/PhD Research/Sentiment_learn_to_rank_paper/data/raw/data_explorer_top1k/by_ticker/rank_0462_ADT,True,False,True,False,1862,2.9738,True,0,False
463,57665,NKE,NIKE INC,complete,/Users/armandoordoricadelatorre/Documents/U of T/PhD/PhD Research/Sentiment_learn_to_rank_paper/data/raw/data_explorer_top1k/by_ticker/rank_0463_NKE,True,True,True,True,47344,75.6121,True,0,False
465,45495,RDC,ROWAN COMPANIES PLC,partial,/Users/armandoordoricadelatorre/Documents/U of T/PhD/PhD Research/Sentiment_learn_to_rank_paper/data/raw/data_explorer_top1k/by_ticker/rank_0465_RDC,True,False,True,False,1420,2.2679,True,0,False
467,87337,PLUG,PLUG POWER INC,complete,/Users/armandoordoricadelatorre/Documents/U of T/PhD/PhD Research/Sentiment_learn_to_rank_paper/data/raw/data_explorer_top1k/by_ticker/rank_0467_PLUG,True,True,True,True,3977,6.3516,True,0,False
470,24109,AEP,AMERICAN ELECTRIC POWER CO INC,complete,/Users/armandoordoricadelatorre/Documents/U of T/PhD/PhD Research/Sentiment_learn_to_rank_paper/data/raw/data_explorer_top1k/by_ticker/rank_0470_AEP,True,True,True,True,27676,44.2008,True,0,False
471,64311,NSC,NORFOLK SOUTHERN CORP,complete,/Users/armandoordoricadelatorre/Documents/U of T/PhD/PhD Research/Sentiment_learn_to_rank_paper/data/raw/data_explorer_top1k/by_ticker/rank_0471_NSC,True,True,True,True,16175,25.8328,True,0,False
477,36397,FHN,FIRST HORIZON NATIONAL CORP,complete,/Users/armandoordoricadelatorre/Documents/U of T/PhD/PhD Research/Sentiment_learn_to_rank_paper/data/raw/data_explorer_top1k/by_ticker/rank_0477_FHN,True,True,True,True,17236,27.5273,True,0,False
481,23579,TXT,TEXTRON INC,complete,/Users/armandoordoricadelatorre/Documents/U of T/PhD/PhD Research/Sentiment_learn_to_rank_paper/data/raw/data_explorer_top1k/by_ticker/rank_0481_TXT,True,True,True,True,18929,30.2311,True,0,False
484,11955,WM,WASTE MANAGEMENT INC DEL,complete,/Users/armandoordoricadelatorre/Documents/U of T/PhD/PhD Research/Sentiment_learn_to_rank_paper/data/raw/data_explorer_top1k/by_ticker/rank_0484_WM,True,True,True,True,12886,20.58,True,0,False
486,78987,MCHP,MICROCHIP TECHNOLOGY INC,complete,/Users/armandoordoricadelatorre/Documents/U of T/PhD/PhD Research/Sentiment_learn_to_rank_paper/data/raw/data_explorer_top1k/by_ticker/rank_0486_MCHP,True,True,True,True,9927,15.8542,True,0,False
488,87388,EXPE,EXPEDIA INC,complete,/Users/armandoordoricadelatorre/Documents/U of T/PhD/PhD Research/Sentiment_learn_to_rank_paper/data/raw/data_explorer_top1k/by_ticker/rank_0488_EXPE,True,True,True,True,27868,44.5074,True,0,False
489,60986,NWL,NEWELL RUBBERMAID INC,complete,/Users/armandoordoricadelatorre/Documents/U of T/PhD/PhD Research/Sentiment_learn_to_rank_paper/data/raw/data_explorer_top1k/by_ticker/rank_0489_NWL,True,True,True,True,14154,22.6051,True,0,False
492,70500,CCE,COCA COLA ENTERPRISES INC NEW,partial,/Users/armandoordoricadelatorre/Documents/U of T/PhD/PhD Research/Sentiment_learn_to_rank_paper/data/raw/data_explorer_top1k/by_ticker/rank_0492_CCE,True,False,True,True,971,1.5508,True,0,False
493,48725,UNP,UNION PACIFIC CORP,complete,/Users/armandoordoricadelatorre/Documents/U of T/PhD/PhD Research/Sentiment_learn_to_rank_paper/data/raw/data_explorer_top1k/by_ticker/rank_0493_UNP,True,True,True,True,29147,46.5501,True,0,False
494,89301,GME,GAMESTOP CORP NEW,complete,/Users/armandoordoricadelatorre/Documents/U of T/PhD/PhD Research/Sentiment_learn_to_rank_paper/data/raw/data_explorer_top1k/by_ticker/rank_0494_GME,True,True,True,True,15040,24.0201,True,0,False
495,83976,ANF,ABERCROMBIE & FITCH CO,complete,/Users/armandoordoricadelatorre/Documents/U of T/PhD/PhD Research/Sentiment_learn_to_rank_paper/data/raw/data_explorer_top1k/by_ticker/rank_0495_ANF,True,True,True,True,22098,35.2923,True,0,False
497,81857,CAM,CAMERON INTERNATIONAL CORP,partial,/Users/armandoordoricadelatorre/Documents/U of T/PhD/PhD Research/Sentiment_learn_to_rank_paper/data/raw/data_explorer_top1k/by_ticker/rank_0497_CAM,True,False,True,False,3844,6.1392,True,0,False
498,14601,NAVI,NAVIENT CORP,complete,/Users/armandoordoricadelatorre/Documents/U of T/PhD/PhD Research/Sentiment_learn_to_rank_paper/data/raw/data_explorer_top1k/by_ticker/rank_0498_NAVI,True,True,True,True,975,1.5572,True,0,False
499,71175,UNM,UNUM GROUP,complete,/Users/armandoordoricadelatorre/Documents/U of T/PhD/PhD Research/Sentiment_learn_to_rank_paper/data/raw/data_explorer_top1k/by_ticker/rank_0499_UNM,True,True,True,True,14374,22.9564,True,0,False
502,13318,YELP,YELP INC,complete,/Users/armandoordoricadelatorre/Documents/U of T/PhD/PhD Research/Sentiment_learn_to_rank_paper/data/raw/data_explorer_top1k/by_ticker/rank_0502_YELP,True,True,True,True,6014,9.6048,True,0,False
503,45241,FRX,FOREST LABS INC,partial,/Users/armandoordoricadelatorre/Documents/U of T/PhD/PhD Research/Sentiment_learn_to_rank_paper/data/raw/data_explorer_top1k/by_ticker/rank_0503_FRX,True,False,True,False,1249,1.9948,True,0,False
505,90215,CRM,SALESFORCE COM INC,complete,/Users/armandoordoricadelatorre/Documents/U of T/PhD/PhD Research/Sentiment_learn_to_rank_paper/data/raw/data_explorer_top1k/by_ticker/rank_0505_CRM,True,True,True,True,41524,66.3171,True,0,False
506,75825,EOG,EOG RESOURCES INC,complete,/Users/armandoordoricadelatorre/Documents/U of T/PhD/PhD Research/Sentiment_learn_to_rank_paper/data/raw/data_explorer_top1k/by_ticker/rank_0506_EOG,True,True,True,True,16476,26.3135,True,0,False
507,18729,CL,COLGATE PALMOLIVE CO,complete,/Users/armandoordoricadelatorre/Documents/U of T/PhD/PhD Research/Sentiment_learn_to_rank_paper/data/raw/data_explorer_top1k/by_ticker/rank_0507_CL,True,True,True,True,26344,42.0735,True,0,False
510,21371,CAH,CARDINAL HEALTH INC,complete,/Users/armandoordoricadelatorre/Documents/U of T/PhD/PhD Research/Sentiment_learn_to_rank_paper/data/raw/data_explorer_top1k/by_ticker/rank_0510_CAH,True,True,True,True,21391,34.1631,True,0,False
512,80946,RCO,RAMP CORP,partial,/Users/armandoordoricadelatorre/Documents/U of T/PhD/PhD Research/Sentiment_learn_to_rank_paper/data/raw/data_explorer_top1k/by_ticker/rank_0512_RCO,True,True,True,False,8616,13.7604,True,0,False
513,23229,CMS,C M S ENERGY CORP,complete,/Users/armandoordoricadelatorre/Documents/U of T/PhD/PhD Research/Sentiment_learn_to_rank_paper/data/raw/data_explorer_top1k/by_ticker/rank_0513_CMS,True,True,True,True,12862,20.5416,True,0,False
514,70033,HOG,HARLEY DAVIDSON INC,complete,/Users/armandoordoricadelatorre/Documents/U of T/PhD/PhD Research/Sentiment_learn_to_rank_paper/data/raw/data_explorer_top1k/by_ticker/rank_0514_HOG,True,True,True,True,20580,32.8679,True,0,False
518,44644,ADP,AUTOMATIC DATA PROCESSING INC,complete,/Users/armandoordoricadelatorre/Documents/U of T/PhD/PhD Research/Sentiment_learn_to_rank_paper/data/raw/data_explorer_top1k/by_ticker/rank_0518_ADP,True,True,True,True,15917,25.4207,True,0,False
519,75333,BR,BURLINGTON RESOURCES INC,complete,/Users/armandoordoricadelatorre/Documents/U of T/PhD/PhD Research/Sentiment_learn_to_rank_paper/data/raw/data_explorer_top1k/by_ticker/rank_0519_BR,True,True,True,True,14461,23.0954,True,0,False
524,84129,ZION,ZIONS BANCORPORATION,complete,/Users/armandoordoricadelatorre/Documents/U of T/PhD/PhD Research/Sentiment_learn_to_rank_paper/data/raw/data_explorer_top1k/by_ticker/rank_0524_ZION,True,True,True,True,17528,27.9936,True,0,False
525,56573,ITW,ILLINOIS TOOL WORKS INC,complete,/Users/armandoordoricadelatorre/Documents/U of T/PhD/PhD Research/Sentiment_learn_to_rank_paper/data/raw/data_explorer_top1k/by_ticker/rank_0525_ITW,True,True,True,True,12810,20.4586,True,0,False
526,86721,HLTH,H L T H CORP,partial,/Users/armandoordoricadelatorre/Documents/U of T/PhD/PhD Research/Sentiment_learn_to_rank_paper/data/raw/data_explorer_top1k/by_ticker/rank_0526_HLTH,True,False,True,False,955,1.5252,True,0,False
527,84827,RMBS,RAMBUS INC,complete,/Users/armandoordoricadelatorre/Documents/U of T/PhD/PhD Research/Sentiment_learn_to_rank_paper/data/raw/data_explorer_top1k/by_ticker/rank_0527_RMBS,True,True,True,True,12724,20.3212,True,0,False
528,14656,SUN,SUNOCO INC,complete,/Users/armandoordoricadelatorre/Documents/U of T/PhD/PhD Research/Sentiment_learn_to_rank_paper/data/raw/data_explorer_top1k/by_ticker/rank_0528_SUN,True,True,True,True,8099,12.9347,True,0,False
529,30382,DG,DOLLAR GENERAL CORP,complete,/Users/armandoordoricadelatorre/Documents/U of T/PhD/PhD Research/Sentiment_learn_to_rank_paper/data/raw/data_explorer_top1k/by_ticker/rank_0529_DG,True,True,True,True,15954,25.4798,True,0,False
536,91233,MA,MASTERCARD INC,complete,/Users/armandoordoricadelatorre/Documents/U of T/PhD/PhD Research/Sentiment_learn_to_rank_paper/data/raw/data_explorer_top1k/by_ticker/rank_0536_MA,True,True,True,True,56613,90.4155,True,0,False
539,68857,CVC,CABLEVISION SYSTEMS CORP,partial,/Users/armandoordoricadelatorre/Documents/U of T/PhD/PhD Research/Sentiment_learn_to_rank_paper/data/raw/data_explorer_top1k/by_ticker/rank_0539_CVC,True,False,True,False,1176,1.8782,True,0,False
540,23026,FE,FIRSTENERGY CORP,complete,/Users/armandoordoricadelatorre/Documents/U of T/PhD/PhD Research/Sentiment_learn_to_rank_paper/data/raw/data_explorer_top1k/by_ticker/rank_0540_FE,True,True,True,True,29463,47.0548,True,0,False
546,23712,PEG,PUBLIC SERVICE ENTERPRISE GP INC,complete,/Users/armandoordoricadelatorre/Documents/U of T/PhD/PhD Research/Sentiment_learn_to_rank_paper/data/raw/data_explorer_top1k/by_ticker/rank_0546_PEG,True,True,True,True,19630,31.3507,True,0,False
547,13688,PCG,P G & E CORP,complete,/Users/armandoordoricadelatorre/Documents/U of T/PhD/PhD Research/Sentiment_learn_to_rank_paper/data/raw/data_explorer_top1k/by_ticker/rank_0547_PCG,True,True,True,True,39915,63.7474,True,0,False
548,60628,FDX,FEDEX CORP,complete,/Users/armandoordoricadelatorre/Documents/U of T/PhD/PhD Research/Sentiment_learn_to_rank_paper/data/raw/data_explorer_top1k/by_ticker/rank_0548_FDX,True,True,True,True,51466,82.1953,True,0,False
552,91547,LDOS,LEIDOS HOLDINGS INC,complete,/Users/armandoordoricadelatorre/Documents/U of T/PhD/PhD Research/Sentiment_learn_to_rank_paper/data/raw/data_explorer_top1k/by_ticker/rank_0552_LDOS,True,True,True,True,13027,20.8052,True,0,False
553,89805,CSE,CAPITALSOURCE INC,partial,/Users/armandoordoricadelatorre/Documents/U of T/PhD/PhD Research/Sentiment_learn_to_rank_paper/data/raw/data_explorer_top1k/by_ticker/rank_0553_CSE,True,True,True,False,1513,2.4164,True,0,False
556,23931,XEL,X C E L ENERGY INC,complete,/Users/armandoordoricadelatorre/Documents/U of T/PhD/PhD Research/Sentiment_learn_to_rank_paper/data/raw/data_explorer_top1k/by_ticker/rank_0556_XEL,True,True,True,True,17129,27.3564,True,0,False
557,21178,LMT,LOCKHEED MARTIN CORP,complete,/Users/armandoordoricadelatorre/Documents/U of T/PhD/PhD Research/Sentiment_learn_to_rank_paper/data/raw/data_explorer_top1k/by_ticker/rank_0557_LMT,True,True,True,True,78627,125.5736,True,0,False
560,62092,TMO,THERMO FISHER SCIENTIFIC INC,complete,/Users/armandoordoricadelatorre/Documents/U of T/PhD/PhD Research/Sentiment_learn_to_rank_paper/data/raw/data_explorer_top1k/by_ticker/rank_0560_TMO,True,True,True,True,14546,23.2311,True,0,False
562,90601,NDAQ,NASDAQ O M X GROUP INC,complete,/Users/armandoordoricadelatorre/Documents/U of T/PhD/PhD Research/Sentiment_learn_to_rank_paper/data/raw/data_explorer_top1k/by_ticker/rank_0562_NDAQ,True,True,True,True,1635419,2611.8944,True,0,False
563,60506,PCAR,PACCAR INC,complete,/Users/armandoordoricadelatorre/Documents/U of T/PhD/PhD Research/Sentiment_learn_to_rank_paper/data/raw/data_explorer_top1k/by_ticker/rank_0563_PCAR,True,True,True,True,15119,24.1462,True,0,False
564,64186,CI,CIGNA CORP,complete,/Users/armandoordoricadelatorre/Documents/U of T/PhD/PhD Research/Sentiment_learn_to_rank_paper/data/raw/data_explorer_top1k/by_ticker/rank_0564_CI,True,True,True,True,27630,44.1273,True,0,False
569,86047,AMKR,AMKOR TECHNOLOGY INC,complete,/Users/armandoordoricadelatorre/Documents/U of T/PhD/PhD Research/Sentiment_learn_to_rank_paper/data/raw/data_explorer_top1k/by_ticker/rank_0569_AMKR,True,True,True,True,6455,10.3091,True,0,False
570,48506,MCO,MOODYS CORP,complete,/Users/armandoordoricadelatorre/Documents/U of T/PhD/PhD Research/Sentiment_learn_to_rank_paper/data/raw/data_explorer_top1k/by_ticker/rank_0570_MCO,True,True,True,True,722921,1154.5624,True,0,False
571,64936,D,DOMINION RESOURCES INC VA NEW,complete,/Users/armandoordoricadelatorre/Documents/U of T/PhD/PhD Research/Sentiment_learn_to_rank_paper/data/raw/data_explorer_top1k/by_ticker/rank_0571_D,True,True,True,True,24578,39.253,True,0,False
575,49680,DHR,DANAHER CORP,complete,/Users/armandoordoricadelatorre/Documents/U of T/PhD/PhD Research/Sentiment_learn_to_rank_paper/data/raw/data_explorer_top1k/by_ticker/rank_0575_DHR,True,True,True,True,24510,39.1444,True,0,False
576,90285,MNKD,MANNKIND CORP,complete,/Users/armandoordoricadelatorre/Documents/U of T/PhD/PhD Research/Sentiment_learn_to_rank_paper/data/raw/data_explorer_top1k/by_ticker/rank_0576_MNKD,True,True,True,True,5295,8.4565,True,0,False
579,93152,CIE,COBALT INTERNATIONAL ENERGY INC,partial,/Users/armandoordoricadelatorre/Documents/U of T/PhD/PhD Research/Sentiment_learn_to_rank_paper/data/raw/data_explorer_top1k/by_ticker/rank_0579_CIE,True,False,True,False,3032,4.8423,True,0,False
582,13168,TRIP,TRIPADVISOR INC,complete,/Users/armandoordoricadelatorre/Documents/U of T/PhD/PhD Research/Sentiment_learn_to_rank_paper/data/raw/data_explorer_top1k/by_ticker/rank_0582_TRIP,True,True,True,True,6671,10.6541,True,0,False
583,89399,ARO,AEROPOSTALE INC,partial,/Users/armandoordoricadelatorre/Documents/U of T/PhD/PhD Research/Sentiment_learn_to_rank_paper/data/raw/data_explorer_top1k/by_ticker/rank_0583_ARO,True,False,True,False,14672,23.4324,True,0,False
584,90251,FSL,FREESCALE SEMICONDUCTOR INC,partial,/Users/armandoordoricadelatorre/Documents/U of T/PhD/PhD Research/Sentiment_learn_to_rank_paper/data/raw/data_explorer_top1k/by_ticker/rank_0584_FSL,True,False,True,False,906,1.447,True,0,False
587,90925,FNF,FIDELITY NATIONAL FINL INC NEW,complete,/Users/armandoordoricadelatorre/Documents/U of T/PhD/PhD Research/Sentiment_learn_to_rank_paper/data/raw/data_explorer_top1k/by_ticker/rank_0587_FNF,True,True,True,True,12707,20.2941,True,0,False
588,92570,DAN,DANA HOLDING CORP,complete,/Users/armandoordoricadelatorre/Documents/U of T/PhD/PhD Research/Sentiment_learn_to_rank_paper/data/raw/data_explorer_top1k/by_ticker/rank_0588_DAN,True,True,True,True,12860,20.5384,True,0,False
589,91029,SPSN,SPANSION INC,partial,/Users/armandoordoricadelatorre/Documents/U of T/PhD/PhD Research/Sentiment_learn_to_rank_paper/data/raw/data_explorer_top1k/by_ticker/rank_0589_SPSN,True,True,True,False,2893,4.6204,True,0,False
593,17750,KMB,KIMBERLY CLARK CORP,complete,/Users/armandoordoricadelatorre/Documents/U of T/PhD/PhD Research/Sentiment_learn_to_rank_paper/data/raw/data_explorer_top1k/by_ticker/rank_0593_KMB,True,True,True,True,29245,46.7066,True,0,False
600,61735,AON,AON PLC,complete,/Users/armandoordoricadelatorre/Documents/U of T/PhD/PhD Research/Sentiment_learn_to_rank_paper/data/raw/data_explorer_top1k/by_ticker/rank_0600_AON,True,True,True,True,21349,34.0961,True,0,False
601,88910,BE,BEARINGPOINT INC,partial,/Users/armandoordoricadelatorre/Documents/U of T/PhD/PhD Research/Sentiment_learn_to_rank_paper/data/raw/data_explorer_top1k/by_ticker/rank_0601_BE,True,False,True,False,701,1.1196,True,0,False
603,14776,SYF,SYNCHRONY FINANCIAL,complete,/Users/armandoordoricadelatorre/Documents/U of T/PhD/PhD Research/Sentiment_learn_to_rank_paper/data/raw/data_explorer_top1k/by_ticker/rank_0603_SYF,True,True,True,True,631,1.0078,True,0,False
604,13956,GOGO,GOGO INC,complete,/Users/armandoordoricadelatorre/Documents/U of T/PhD/PhD Research/Sentiment_learn_to_rank_paper/data/raw/data_explorer_top1k/by_ticker/rank_0604_GOGO,True,True,True,True,1062,1.6961,True,0,False
607,56223,LPX,LOUISIANA PACIFIC CORP,complete,/Users/armandoordoricadelatorre/Documents/U of T/PhD/PhD Research/Sentiment_learn_to_rank_paper/data/raw/data_explorer_top1k/by_ticker/rank_0607_LPX,True,True,True,True,6630,10.5886,True,0,False
608,89495,TAP,TRAVELERS PPTY CASUALTY CORP NEW,complete,/Users/armandoordoricadelatorre/Documents/U of T/PhD/PhD Research/Sentiment_learn_to_rank_paper/data/raw/data_explorer_top1k/by_ticker/rank_0608_TAP,True,True,True,True,13773,21.9966,True,0,False
609,61065,TOY,TOYS R US INC,partial,/Users/armandoordoricadelatorre/Documents/U of T/PhD/PhD Research/Sentiment_learn_to_rank_paper/data/raw/data_explorer_top1k/by_ticker/rank_0609_TOY,True,False,True,False,797,1.2729,True,0,False
610,89841,CNO,C N O FINANCIAL GROUP INC,complete,/Users/armandoordoricadelatorre/Documents/U of T/PhD/PhD Research/Sentiment_learn_to_rank_paper/data/raw/data_explorer_top1k/by_ticker/rank_0610_CNO,True,True,True,True,12161,19.4221,True,0,False
613,89031,TASR,TASER INTERNATIONAL INC,complete,/Users/armandoordoricadelatorre/Documents/U of T/PhD/PhD Research/Sentiment_learn_to_rank_paper/data/raw/data_explorer_top1k/by_ticker/rank_0613_TASR,True,True,True,True,8366,13.3612,True,0,False
614,83443,BRK,BERKSHIRE HATHAWAY INC DEL,partial,/Users/armandoordoricadelatorre/Documents/U of T/PhD/PhD Research/Sentiment_learn_to_rank_paper/data/raw/data_explorer_top1k/by_ticker/rank_0614_BRK,True,False,True,False,69679,111.2829,True,0,False
615,83699,TIE,TITANIUM METALS CORP,partial,/Users/armandoordoricadelatorre/Documents/U of T/PhD/PhD Research/Sentiment_learn_to_rank_paper/data/raw/data_explorer_top1k/by_ticker/rank_0615_TIE,True,True,True,False,6848,10.9368,True,0,False
618,38762,NI,NISOURCE INC,complete,/Users/armandoordoricadelatorre/Documents/U of T/PhD/PhD Research/Sentiment_learn_to_rank_paper/data/raw/data_explorer_top1k/by_ticker/rank_0618_NI,True,True,True,True,16108,25.7258,True,0,False
619,82800,SCCO,SOUTHERN COPPER CORP,complete,/Users/armandoordoricadelatorre/Documents/U of T/PhD/PhD Research/Sentiment_learn_to_rank_paper/data/raw/data_explorer_top1k/by_ticker/rank_0619_SCCO,True,True,True,True,14508,23.1704,True,0,False
620,23077,HNZ,HEINZ H J CO,partial,/Users/armandoordoricadelatorre/Documents/U of T/PhD/PhD Research/Sentiment_learn_to_rank_paper/data/raw/data_explorer_top1k/by_ticker/rank_0620_HNZ,True,False,True,False,1095,1.7488,True,0,False
622,92203,LULU,LULULEMON ATHLETICA INC,complete,/Users/armandoordoricadelatorre/Documents/U of T/PhD/PhD Research/Sentiment_learn_to_rank_paper/data/raw/data_explorer_top1k/by_ticker/rank_0622_LULU,True,True,True,True,9466,15.118,True,0,False
623,87825,UTSI,UTSTARCOM HOLDINGS CORP,complete,/Users/armandoordoricadelatorre/Documents/U of T/PhD/PhD Research/Sentiment_learn_to_rank_paper/data/raw/data_explorer_top1k/by_ticker/rank_0623_UTSI,True,True,True,True,8132,12.9875,True,0,False
625,51263,MTW,MANITOWOC CO INC,complete,/Users/armandoordoricadelatorre/Documents/U of T/PhD/PhD Research/Sentiment_learn_to_rank_paper/data/raw/data_explorer_top1k/by_ticker/rank_0625_MTW,True,True,True,True,7835,12.5131,True,0,False
626,91392,WYN,WYNDHAM WORLDWIDE CORP,complete,/Users/armandoordoricadelatorre/Documents/U of T/PhD/PhD Research/Sentiment_learn_to_rank_paper/data/raw/data_explorer_top1k/by_ticker/rank_0626_WYN,True,True,True,True,11080,17.6956,True,0,False
627,89195,PFG,PRINCIPAL FINANCIAL GROUP INC,complete,/Users/armandoordoricadelatorre/Documents/U of T/PhD/PhD Research/Sentiment_learn_to_rank_paper/data/raw/data_explorer_top1k/by_ticker/rank_0627_PFG,True,True,True,True,12771,20.3963,True,0,False
631,59379,MEL,MELLON FINANCIAL CORP,partial,/Users/armandoordoricadelatorre/Documents/U of T/PhD/PhD Research/Sentiment_learn_to_rank_paper/data/raw/data_explorer_top1k/by_ticker/rank_0631_MEL,True,False,True,False,15958,25.4862,True,0,False
632,90880,AMP,AMERIPRISE FINANCIAL INC,complete,/Users/armandoordoricadelatorre/Documents/U of T/PhD/PhD Research/Sentiment_learn_to_rank_paper/data/raw/data_explorer_top1k/by_ticker/rank_0632_AMP,True,True,True,True,11932,19.0564,True,0,False
635,77699,FCEL,FUELCELL ENERGY INC,complete,/Users/armandoordoricadelatorre/Documents/U of T/PhD/PhD Research/Sentiment_learn_to_rank_paper/data/raw/data_explorer_top1k/by_ticker/rank_0635_FCEL,True,True,True,True,4587,7.3258,True,0,False
636,91419,MHR,MAGNUM HUNTER RESOURCES CORP,partial,/Users/armandoordoricadelatorre/Documents/U of T/PhD/PhD Research/Sentiment_learn_to_rank_paper/data/raw/data_explorer_top1k/by_ticker/rank_0636_MHR,True,False,True,False,797,1.2729,True,0,False
637,24205,NEE,NEXTERA ENERGY INC,complete,/Users/armandoordoricadelatorre/Documents/U of T/PhD/PhD Research/Sentiment_learn_to_rank_paper/data/raw/data_explorer_top1k/by_ticker/rank_0637_NEE,True,True,True,True,27822,44.4339,True,0,False
638,15720,EIX,EDISON INTERNATIONAL,complete,/Users/armandoordoricadelatorre/Documents/U of T/PhD/PhD Research/Sentiment_learn_to_rank_paper/data/raw/data_explorer_top1k/by_ticker/rank_0638_EIX,True,True,True,True,22982,36.7041,True,0,False
640,90435,FSL,FREESCALE SEMICONDUCTOR INC,partial,/Users/armandoordoricadelatorre/Documents/U of T/PhD/PhD Research/Sentiment_learn_to_rank_paper/data/raw/data_explorer_top1k/by_ticker/rank_0640_FSL,True,False,True,False,906,1.447,True,0,False
641,73940,SBL,SYMBOL TECHNOLOGIES INC,partial,/Users/armandoordoricadelatorre/Documents/U of T/PhD/PhD Research/Sentiment_learn_to_rank_paper/data/raw/data_explorer_top1k/by_ticker/rank_0641_SBL,True,False,True,False,820,1.3096,True,0,False
643,81540,ABC,AMERISOURCEBERGEN CORP,complete,/Users/armandoordoricadelatorre/Documents/U of T/PhD/PhD Research/Sentiment_learn_to_rank_paper/data/raw/data_explorer_top1k/by_ticker/rank_0643_ABC,True,True,True,True,12557,20.0545,True,0,False
649,83744,CNET,C N E T NETWORKS INC,complete,/Users/armandoordoricadelatorre/Documents/U of T/PhD/PhD Research/Sentiment_learn_to_rank_paper/data/raw/data_explorer_top1k/by_ticker/rank_0649_CNET,True,True,True,True,1182,1.8877,True,0,False
650,89508,KMX,CARMAX INC,complete,/Users/armandoordoricadelatorre/Documents/U of T/PhD/PhD Research/Sentiment_learn_to_rank_paper/data/raw/data_explorer_top1k/by_ticker/rank_0650_KMX,True,True,True,True,11279,18.0135,True,0,False
651,41443,AT,ALLTEL CORP,partial,/Users/armandoordoricadelatorre/Documents/U of T/PhD/PhD Research/Sentiment_learn_to_rank_paper/data/raw/data_explorer_top1k/by_ticker/rank_0651_AT,True,False,True,False,687,1.0972,True,0,False
653,89533,WYNN,WYNN RESORTS LTD,complete,/Users/armandoordoricadelatorre/Documents/U of T/PhD/PhD Research/Sentiment_learn_to_rank_paper/data/raw/data_explorer_top1k/by_ticker/rank_0653_WYNN,True,True,True,True,12445,19.8757,True,0,False
655,59192,CB,CHUBB CORP,complete,/Users/armandoordoricadelatorre/Documents/U of T/PhD/PhD Research/Sentiment_learn_to_rank_paper/data/raw/data_explorer_top1k/by_ticker/rank_0655_CB,True,True,True,True,14707,23.4883,True,0,False
656,41080,CMI,CUMMINS INC,complete,/Users/armandoordoricadelatorre/Documents/U of T/PhD/PhD Research/Sentiment_learn_to_rank_paper/data/raw/data_explorer_top1k/by_ticker/rank_0656_CMI,True,True,True,True,14386,22.9756,True,0,False
657,88585,PROX,PROXIM CORP,partial,/Users/armandoordoricadelatorre/Documents/U of T/PhD/PhD Research/Sentiment_learn_to_rank_paper/data/raw/data_explorer_top1k/by_ticker/rank_0657_PROX,True,False,True,False,14911,23.8141,True,0,False
659,58318,TEX,TEREX CORP NEW,complete,/Users/armandoordoricadelatorre/Documents/U of T/PhD/PhD Research/Sentiment_learn_to_rank_paper/data/raw/data_explorer_top1k/by_ticker/rank_0659_TEX,True,True,True,True,13128,20.9665,True,0,False
663,14542,GOOG,GOOGLE INC,complete,/Users/armandoordoricadelatorre/Documents/U of T/PhD/PhD Research/Sentiment_learn_to_rank_paper/data/raw/data_explorer_top1k/by_ticker/rank_0663_GOOG,True,True,True,True,345389,551.6137,True,0,False
664,91579,KBR,K B R INC,complete,/Users/armandoordoricadelatorre/Documents/U of T/PhD/PhD Research/Sentiment_learn_to_rank_paper/data/raw/data_explorer_top1k/by_ticker/rank_0664_KBR,True,True,True,True,6893,11.0087,True,0,False
667,81061,MCK,MCKESSON H B O C INC,complete,/Users/armandoordoricadelatorre/Documents/U of T/PhD/PhD Research/Sentiment_learn_to_rank_paper/data/raw/data_explorer_top1k/by_ticker/rank_0667_MCK,True,True,True,True,20639,32.9621,True,0,False
668,76082,COG,CABOT OIL & GAS CORP,complete,/Users/armandoordoricadelatorre/Documents/U of T/PhD/PhD Research/Sentiment_learn_to_rank_paper/data/raw/data_explorer_top1k/by_ticker/rank_0668_COG,True,True,True,True,7876,12.5786,True,0,False
670,48653,HUM,HUMANA INC,complete,/Users/armandoordoricadelatorre/Documents/U of T/PhD/PhD Research/Sentiment_learn_to_rank_paper/data/raw/data_explorer_top1k/by_ticker/rank_0670_HUM,True,True,True,True,18831,30.0746,True,0,False
671,91073,WNR,WESTERN REFINING INC,partial,/Users/armandoordoricadelatorre/Documents/U of T/PhD/PhD Research/Sentiment_learn_to_rank_paper/data/raw/data_explorer_top1k/by_ticker/rank_0671_WNR,True,False,True,False,735,1.1739,True,0,False
672,76744,VRTX,VERTEX PHARMACEUTICALS INC,complete,/Users/armandoordoricadelatorre/Documents/U of T/PhD/PhD Research/Sentiment_learn_to_rank_paper/data/raw/data_explorer_top1k/by_ticker/rank_0672_VRTX,True,True,True,True,12122,19.3598,True,0,False
674,17478,MHFI,MCGRAW HILL FINANCIAL INC,complete,/Users/armandoordoricadelatorre/Documents/U of T/PhD/PhD Research/Sentiment_learn_to_rank_paper/data/raw/data_explorer_top1k/by_ticker/rank_0674_MHFI,True,True,True,True,835658,1334.6124,True,0,False
681,84761,TTWO,TAKE TWO INTERACTIVE SOFTWR INC,complete,/Users/armandoordoricadelatorre/Documents/U of T/PhD/PhD Research/Sentiment_learn_to_rank_paper/data/raw/data_explorer_top1k/by_ticker/rank_0681_TTWO,True,True,True,True,13549,21.6388,True,0,False
685,93132,FTNT,FORTINET INC,complete,/Users/armandoordoricadelatorre/Documents/U of T/PhD/PhD Research/Sentiment_learn_to_rank_paper/data/raw/data_explorer_top1k/by_ticker/rank_0685_FTNT,True,True,True,True,6077,9.7055,True,0,False
689,91283,HK,HALCON RESOURCES CORP,partial,/Users/armandoordoricadelatorre/Documents/U of T/PhD/PhD Research/Sentiment_learn_to_rank_paper/data/raw/data_explorer_top1k/by_ticker/rank_0689_HK,True,False,True,False,3145,5.0228,True,0,False
691,24459,PBI,PITNEY BOWES INC,complete,/Users/armandoordoricadelatorre/Documents/U of T/PhD/PhD Research/Sentiment_learn_to_rank_paper/data/raw/data_explorer_top1k/by_ticker/rank_0691_PBI,True,True,True,True,16681,26.6409,True,0,False
693,30681,OMC,OMNICOM GROUP INC,complete,/Users/armandoordoricadelatorre/Documents/U of T/PhD/PhD Research/Sentiment_learn_to_rank_paper/data/raw/data_explorer_top1k/by_ticker/rank_0693_OMC,True,True,True,True,49331,78.7855,True,0,False
694,39917,WY,WEYERHAEUSER CO,complete,/Users/armandoordoricadelatorre/Documents/U of T/PhD/PhD Research/Sentiment_learn_to_rank_paper/data/raw/data_explorer_top1k/by_ticker/rank_0694_WY,True,True,True,True,21770,34.7684,True,0,False
696,80193,BZH,BEAZER HOMES USA INC,complete,/Users/armandoordoricadelatorre/Documents/U of T/PhD/PhD Research/Sentiment_learn_to_rank_paper/data/raw/data_explorer_top1k/by_ticker/rank_0696_BZH,True,True,True,True,12159,19.4189,True,0,False
697,86339,CCI,CROWN CASTLE INTL CORP NEW,complete,/Users/armandoordoricadelatorre/Documents/U of T/PhD/PhD Research/Sentiment_learn_to_rank_paper/data/raw/data_explorer_top1k/by_ticker/rank_0697_CCI,True,True,True,True,11596,18.5197,True,0,False
698,81655,DRI,DARDEN RESTAURANTS INC,complete,/Users/armandoordoricadelatorre/Documents/U of T/PhD/PhD Research/Sentiment_learn_to_rank_paper/data/raw/data_explorer_top1k/by_ticker/rank_0698_DRI,True,True,True,True,16475,26.3119,True,0,False
700,92988,CFN,CAREFUSION CORP,partial,/Users/armandoordoricadelatorre/Documents/U of T/PhD/PhD Research/Sentiment_learn_to_rank_paper/data/raw/data_explorer_top1k/by_ticker/rank_0700_CFN,True,False,True,False,1352,2.1593,True,0,False
702,85792,PWR,QUANTA SERVICES INC,complete,/Users/armandoordoricadelatorre/Documents/U of T/PhD/PhD Research/Sentiment_learn_to_rank_paper/data/raw/data_explorer_top1k/by_ticker/rank_0702_PWR,True,True,True,True,5858,9.3557,True,0,False
703,50017,RRC,RANGE RESOURCES CORP,complete,/Users/armandoordoricadelatorre/Documents/U of T/PhD/PhD Research/Sentiment_learn_to_rank_paper/data/raw/data_explorer_top1k/by_ticker/rank_0703_RRC,True,True,True,True,9754,15.5779,True,0,False
706,43123,ATI,ALLEGHENY TECHNOLOGIES,complete,/Users/armandoordoricadelatorre/Documents/U of T/PhD/PhD Research/Sentiment_learn_to_rank_paper/data/raw/data_explorer_top1k/by_ticker/rank_0706_ATI,True,True,True,True,11936,19.0627,True,0,False
707,12473,SWFT,SWIFT TRANSPORTATION CO,complete,/Users/armandoordoricadelatorre/Documents/U of T/PhD/PhD Research/Sentiment_learn_to_rank_paper/data/raw/data_explorer_top1k/by_ticker/rank_0707_SWFT,True,True,True,True,3765,6.013,True,0,False
711,91556,ROST,ROSS STORES INC,complete,/Users/armandoordoricadelatorre/Documents/U of T/PhD/PhD Research/Sentiment_learn_to_rank_paper/data/raw/data_explorer_top1k/by_ticker/rank_0711_ROST,True,True,True,True,17352,27.7125,True,0,False
712,11762,ETN,EATON CORP PLC,complete,/Users/armandoordoricadelatorre/Documents/U of T/PhD/PhD Research/Sentiment_learn_to_rank_paper/data/raw/data_explorer_top1k/by_ticker/rank_0712_ETN,True,True,True,True,22899,36.5715,True,0,False
713,38658,NVE,NV ENERGY INC,partial,/Users/armandoordoricadelatorre/Documents/U of T/PhD/PhD Research/Sentiment_learn_to_rank_paper/data/raw/data_explorer_top1k/by_ticker/rank_0713_NVE,True,False,True,False,6211,9.9195,True,0,False
715,26825,K,KELLOGG CO,partial,/Users/armandoordoricadelatorre/Documents/U of T/PhD/PhD Research/Sentiment_learn_to_rank_paper/data/raw/data_explorer_top1k/by_ticker/rank_0715_K,True,False,True,True,27980,44.6863,True,0,False
719,10890,UIS,UNISYS CORP,complete,/Users/armandoordoricadelatorre/Documents/U of T/PhD/PhD Research/Sentiment_learn_to_rank_paper/data/raw/data_explorer_top1k/by_ticker/rank_0719_UIS,True,True,True,True,23027,36.776,True,0,False
725,92293,TDC,TERADATA CORP DE,complete,/Users/armandoordoricadelatorre/Documents/U of T/PhD/PhD Research/Sentiment_learn_to_rank_paper/data/raw/data_explorer_top1k/by_ticker/rank_0725_TDC,True,True,True,True,9667,15.439,True,0,False
726,70704,MUX,MCEWEN MINING INC,complete,/Users/armandoordoricadelatorre/Documents/U of T/PhD/PhD Research/Sentiment_learn_to_rank_paper/data/raw/data_explorer_top1k/by_ticker/rank_0726_MUX,True,True,True,True,3789,6.0513,True,0,False
728,90227,LBTYA,LIBERTY GLOBAL PLC,complete,/Users/armandoordoricadelatorre/Documents/U of T/PhD/PhD Research/Sentiment_learn_to_rank_paper/data/raw/data_explorer_top1k/by_ticker/rank_0728_LBTYA,True,True,True,True,13853,22.1243,True,0,False
729,12052,GD,GENERAL DYNAMICS CORP,complete,/Users/armandoordoricadelatorre/Documents/U of T/PhD/PhD Research/Sentiment_learn_to_rank_paper/data/raw/data_explorer_top1k/by_ticker/rank_0729_GD,True,True,True,True,35390,56.5206,True,0,False
730,88508,CHPC,CHIPPAC INC,partial,/Users/armandoordoricadelatorre/Documents/U of T/PhD/PhD Research/Sentiment_learn_to_rank_paper/data/raw/data_explorer_top1k/by_ticker/rank_0730_CHPC,True,False,True,False,1842,2.9418,True,0,False
731,84723,LNG,CHENIERE ENERGY INC,complete,/Users/armandoordoricadelatorre/Documents/U of T/PhD/PhD Research/Sentiment_learn_to_rank_paper/data/raw/data_explorer_top1k/by_ticker/rank_0731_LNG,True,True,True,True,9460,15.1084,True,0,False
733,75646,AGN,ALLERGAN INC,partial,/Users/armandoordoricadelatorre/Documents/U of T/PhD/PhD Research/Sentiment_learn_to_rank_paper/data/raw/data_explorer_top1k/by_ticker/rank_0733_AGN,True,False,True,False,46224,73.8234,True,0,False
734,25320,CPB,CAMPBELL SOUP CO,complete,/Users/armandoordoricadelatorre/Documents/U of T/PhD/PhD Research/Sentiment_learn_to_rank_paper/data/raw/data_explorer_top1k/by_ticker/rank_0734_CPB,True,True,True,True,23139,36.9548,True,0,False
735,82779,NVAX,NOVAVAX INC,complete,/Users/armandoordoricadelatorre/Documents/U of T/PhD/PhD Research/Sentiment_learn_to_rank_paper/data/raw/data_explorer_top1k/by_ticker/rank_0735_NVAX,True,True,True,True,6277,10.0249,True,0,False
736,81481,DLTR,DOLLAR TREE INC,complete,/Users/armandoordoricadelatorre/Documents/U of T/PhD/PhD Research/Sentiment_learn_to_rank_paper/data/raw/data_explorer_top1k/by_ticker/rank_0736_DLTR,True,True,True,True,16812,26.8501,True,0,False
738,12017,VRNG,VRINGO INC,complete,/Users/armandoordoricadelatorre/Documents/U of T/PhD/PhD Research/Sentiment_learn_to_rank_paper/data/raw/data_explorer_top1k/by_ticker/rank_0738_VRNG,True,True,True,True,2537,4.0518,True,0,False
739,51692,PIR,PIER 1 IMPORTS INC DE,partial,/Users/armandoordoricadelatorre/Documents/U of T/PhD/PhD Research/Sentiment_learn_to_rank_paper/data/raw/data_explorer_top1k/by_ticker/rank_0739_PIR,True,False,True,False,1027,1.6402,True,0,False
740,24766,NOC,NORTHROP GRUMMAN CORP,complete,/Users/armandoordoricadelatorre/Documents/U of T/PhD/PhD Research/Sentiment_learn_to_rank_paper/data/raw/data_explorer_top1k/by_ticker/rank_0740_NOC,True,True,True,True,53212,84.9838,True,0,False
742,88853,FLR,FLUOR CORP NEW,complete,/Users/armandoordoricadelatorre/Documents/U of T/PhD/PhD Research/Sentiment_learn_to_rank_paper/data/raw/data_explorer_top1k/by_ticker/rank_0742_FLR,True,True,True,True,10539,16.8316,True,0,False
743,75603,CRUS,CIRRUS LOGIC INC,complete,/Users/armandoordoricadelatorre/Documents/U of T/PhD/PhD Research/Sentiment_learn_to_rank_paper/data/raw/data_explorer_top1k/by_ticker/rank_0743_CRUS,True,True,True,True,10290,16.4339,True,0,False
744,73139,SYK,STRYKER CORP,complete,/Users/armandoordoricadelatorre/Documents/U of T/PhD/PhD Research/Sentiment_learn_to_rank_paper/data/raw/data_explorer_top1k/by_ticker/rank_0744_SYK,True,True,True,True,23867,38.1175,True,0,False
748,89070,ZMH,ZIMMER HOLDINGS INC,complete,/Users/armandoordoricadelatorre/Documents/U of T/PhD/PhD Research/Sentiment_learn_to_rank_paper/data/raw/data_explorer_top1k/by_ticker/rank_0748_ZMH,True,True,True,True,15184,24.2501,True,0,False
751,69796,STZ,CONSTELLATION BRANDS INC,complete,/Users/armandoordoricadelatorre/Documents/U of T/PhD/PhD Research/Sentiment_learn_to_rank_paper/data/raw/data_explorer_top1k/by_ticker/rank_0751_STZ,True,True,True,True,15961,25.491,True,0,False
753,90829,CF,C F INDUSTRIES HOLDINGS INC,complete,/Users/armandoordoricadelatorre/Documents/U of T/PhD/PhD Research/Sentiment_learn_to_rank_paper/data/raw/data_explorer_top1k/by_ticker/rank_0753_CF,True,True,True,True,9895,15.8031,True,0,False
755,70923,SFD,SMITHFIELD FOODS INC,partial,/Users/armandoordoricadelatorre/Documents/U of T/PhD/PhD Research/Sentiment_learn_to_rank_paper/data/raw/data_explorer_top1k/by_ticker/rank_0755_SFD,True,False,True,False,13678,21.8449,True,0,False
760,80422,LEA,LEAR CORP,complete,/Users/armandoordoricadelatorre/Documents/U of T/PhD/PhD Research/Sentiment_learn_to_rank_paper/data/raw/data_explorer_top1k/by_ticker/rank_0760_LEA,True,True,True,True,13425,21.4408,True,0,False
762,86964,FFIV,F 5 NETWORKS INC,complete,/Users/armandoordoricadelatorre/Documents/U of T/PhD/PhD Research/Sentiment_learn_to_rank_paper/data/raw/data_explorer_top1k/by_ticker/rank_0762_FFIV,True,True,True,True,11281,18.0167,True,0,False
763,10138,TROW,T ROWE PRICE GROUP INC,complete,/Users/armandoordoricadelatorre/Documents/U of T/PhD/PhD Research/Sentiment_learn_to_rank_paper/data/raw/data_explorer_top1k/by_ticker/rank_0763_TROW,True,True,True,True,68240,108.9847,True,0,False
764,11404,ED,CONSOLIDATED EDISON INC,complete,/Users/armandoordoricadelatorre/Documents/U of T/PhD/PhD Research/Sentiment_learn_to_rank_paper/data/raw/data_explorer_top1k/by_ticker/rank_0764_ED,True,True,True,True,20586,32.8775,True,0,False
765,90657,PAY,VERIFONE SYSTEMS INC,partial,/Users/armandoordoricadelatorre/Documents/U of T/PhD/PhD Research/Sentiment_learn_to_rank_paper/data/raw/data_explorer_top1k/by_ticker/rank_0765_PAY,True,False,True,False,5571,8.8973,True,0,False
767,57808,VSH,VISHAY INTERTECHNOLOGY INC,complete,/Users/armandoordoricadelatorre/Documents/U of T/PhD/PhD Research/Sentiment_learn_to_rank_paper/data/raw/data_explorer_top1k/by_ticker/rank_0767_VSH,True,True,True,True,8759,13.9888,True,0,False
769,86547,AXL,AMERICAN AXLE & MFG HLGDS INC,partial,/Users/armandoordoricadelatorre/Documents/U of T/PhD/PhD Research/Sentiment_learn_to_rank_paper/data/raw/data_explorer_top1k/by_ticker/rank_0769_AXL,True,False,True,True,9764,15.5939,True,0,False
775,87717,EXPD,EXPEDITORS INTERNATIONAL WA INC,complete,/Users/armandoordoricadelatorre/Documents/U of T/PhD/PhD Research/Sentiment_learn_to_rank_paper/data/raw/data_explorer_top1k/by_ticker/rank_0775_EXPD,True,True,True,True,11741,18.7513,True,0,False
780,58246,NTRS,NORTHERN TRUST CORP,complete,/Users/armandoordoricadelatorre/Documents/U of T/PhD/PhD Research/Sentiment_learn_to_rank_paper/data/raw/data_explorer_top1k/by_ticker/rank_0780_NTRS,True,True,True,True,218727,349.3244,True,1717,True
786,83756,GERN,GERON CORP,complete,/Users/armandoordoricadelatorre/Documents/U of T/PhD/PhD Research/Sentiment_learn_to_rank_paper/data/raw/data_explorer_top1k/by_ticker/rank_0786_GERN,True,True,True,True,5692,9.0906,True,645,True
794,84372,NCR,N C R CORP NEW,complete,/Users/armandoordoricadelatorre/Documents/U of T/PhD/PhD Research/Sentiment_learn_to_rank_paper/data/raw/data_explorer_top1k/by_ticker/rank_0794_NCR,True,True,True,True,12452,19.8868,True,0,False
801,93150,CIT,C I T GROUP INC NEW,partial,/Users/armandoordoricadelatorre/Documents/U of T/PhD/PhD Research/Sentiment_learn_to_rank_paper/data/raw/data_explorer_top1k/by_ticker/rank_0801_CIT,True,False,True,False,11766,18.7912,True,0,False
802,86228,RSG,REPUBLIC SERVICES INC,complete,/Users/armandoordoricadelatorre/Documents/U of T/PhD/PhD Research/Sentiment_learn_to_rank_paper/data/raw/data_explorer_top1k/by_ticker/rank_0802_RSG,True,True,True,True,7652,12.2209,True,428,True
808,52978,HAS,HASBRO INC,complete,/Users/armandoordoricadelatorre/Documents/U of T/PhD/PhD Research/Sentiment_learn_to_rank_paper/data/raw/data_explorer_top1k/by_ticker/rank_0808_HAS,True,True,True,True,21069,33.6489,True,725,True
809,87078,MDRX,ALLSCRIPTS HEALTHCARE SOLNS INC,partial,/Users/armandoordoricadelatorre/Documents/U of T/PhD/PhD Research/Sentiment_learn_to_rank_paper/data/raw/data_explorer_top1k/by_ticker/rank_0809_MDRX,True,True,True,False,10168,16.2391,True,0,False
810,77157,OI,OWENS ILL INC,complete,/Users/armandoordoricadelatorre/Documents/U of T/PhD/PhD Research/Sentiment_learn_to_rank_paper/data/raw/data_explorer_top1k/by_ticker/rank_0810_OI,True,True,True,True,7094,11.3297,True,661,True
812,12660,GNC,G N C HOLDINGS INC,partial,/Users/armandoordoricadelatorre/Documents/U of T/PhD/PhD Research/Sentiment_learn_to_rank_paper/data/raw/data_explorer_top1k/by_ticker/rank_0812_GNC,True,False,True,False,7042,11.2466,True,0,False
813,26710,L,LOEWS CORP,complete,/Users/armandoordoricadelatorre/Documents/U of T/PhD/PhD Research/Sentiment_learn_to_rank_paper/data/raw/data_explorer_top1k/by_ticker/rank_0813_L,True,True,True,True,22190,35.4392,True,1345,True
815,76671,ANN,ANN INC,partial,/Users/armandoordoricadelatorre/Documents/U of T/PhD/PhD Research/Sentiment_learn_to_rank_paper/data/raw/data_explorer_top1k/by_ticker/rank_0815_ANN,True,False,True,False,8956,14.3034,True,0,False
817,76282,AN,AUTONATION INC DEL,complete,/Users/armandoordoricadelatorre/Documents/U of T/PhD/PhD Research/Sentiment_learn_to_rank_paper/data/raw/data_explorer_top1k/by_ticker/rank_0817_AN,True,True,True,True,12389,19.7862,True,801,True
818,76383,AVNR,AVANIR PHARMACEUTICLAS INC,partial,/Users/armandoordoricadelatorre/Documents/U of T/PhD/PhD Research/Sentiment_learn_to_rank_paper/data/raw/data_explorer_top1k/by_ticker/rank_0818_AVNR,True,False,True,False,945,1.5092,True,0,False
819,86165,PEIX,PACIFIC ETHANOL INC,complete,/Users/armandoordoricadelatorre/Documents/U of T/PhD/PhD Research/Sentiment_learn_to_rank_paper/data/raw/data_explorer_top1k/by_ticker/rank_0819_PEIX,True,True,True,True,3775,6.029,True,0,False
821,77437,STEM,STEMCELLS INC,partial,/Users/armandoordoricadelatorre/Documents/U of T/PhD/PhD Research/Sentiment_learn_to_rank_paper/data/raw/data_explorer_top1k/by_ticker/rank_0821_STEM,True,True,True,False,6054,9.6687,True,0,False
822,82642,EL,LAUDER ESTEE COS INC,complete,/Users/armandoordoricadelatorre/Documents/U of T/PhD/PhD Research/Sentiment_learn_to_rank_paper/data/raw/data_explorer_top1k/by_ticker/rank_0822_EL,True,True,True,True,13537,21.6197,True,1005,True
827,67467,BIG,BIG LOTS INC,partial,/Users/armandoordoricadelatorre/Documents/U of T/PhD/PhD Research/Sentiment_learn_to_rank_paper/data/raw/data_explorer_top1k/by_ticker/rank_0827_BIG,True,False,True,True,9177,14.6564,True,768,True
832,89003,FIS,FIDELITY NATIONAL INFO SVCS INC,complete,/Users/armandoordoricadelatorre/Documents/U of T/PhD/PhD Research/Sentiment_learn_to_rank_paper/data/raw/data_explorer_top1k/by_ticker/rank_0832_FIS,True,True,True,True,10553,16.854,True,606,True
834,86756,PBG,PEPSI BOTTLING GROUP INC,partial,/Users/armandoordoricadelatorre/Documents/U of T/PhD/PhD Research/Sentiment_learn_to_rank_paper/data/raw/data_explorer_top1k/by_ticker/rank_0834_PBG,True,True,True,False,3222,5.1458,True,0,False
835,87043,QTM,QUANTUM CORP,complete,/Users/armandoordoricadelatorre/Documents/U of T/PhD/PhD Research/Sentiment_learn_to_rank_paper/data/raw/data_explorer_top1k/by_ticker/rank_0835_QTM,True,True,True,True,5949,9.501,True,0,False
836,83011,WSM,WILLIAMS SONOMA INC,complete,/Users/armandoordoricadelatorre/Documents/U of T/PhD/PhD Research/Sentiment_learn_to_rank_paper/data/raw/data_explorer_top1k/by_ticker/rank_0836_WSM,True,True,True,True,13334,21.2955,True,0,False
840,86233,LEU,CENTRUS ENERGY CORP,complete,/Users/armandoordoricadelatorre/Documents/U of T/PhD/PhD Research/Sentiment_learn_to_rank_paper/data/raw/data_explorer_top1k/by_ticker/rank_0840_LEU,True,True,True,True,6606,10.5503,True,0,False
841,85724,CECO,CAREER EDUCATION CORP,complete,/Users/armandoordoricadelatorre/Documents/U of T/PhD/PhD Research/Sentiment_learn_to_rank_paper/data/raw/data_explorer_top1k/by_ticker/rank_0841_CECO,True,True,True,True,7174,11.4574,True,0,False
844,61815,NBL,NOBLE ENERGY INC,partial,/Users/armandoordoricadelatorre/Documents/U of T/PhD/PhD Research/Sentiment_learn_to_rank_paper/data/raw/data_explorer_top1k/by_ticker/rank_0844_NBL,True,False,True,False,739,1.1802,True,0,False
845,77768,PX,PRAXAIR INC,partial,/Users/armandoordoricadelatorre/Documents/U of T/PhD/PhD Research/Sentiment_learn_to_rank_paper/data/raw/data_explorer_top1k/by_ticker/rank_0845_PX,True,False,True,False,8273,13.2126,True,0,False
846,28345,MUR,MURPHY OIL CORP,complete,/Users/armandoordoricadelatorre/Documents/U of T/PhD/PhD Research/Sentiment_learn_to_rank_paper/data/raw/data_explorer_top1k/by_ticker/rank_0846_MUR,True,True,True,True,11214,17.9097,True,0,False
847,90520,CE,CELANESE CORP DEL,complete,/Users/armandoordoricadelatorre/Documents/U of T/PhD/PhD Research/Sentiment_learn_to_rank_paper/data/raw/data_explorer_top1k/by_ticker/rank_0847_CE,True,True,True,True,7149,11.4175,True,0,False
848,86822,EXTR,EXTREME NETWORKS INC,complete,/Users/armandoordoricadelatorre/Documents/U of T/PhD/PhD Research/Sentiment_learn_to_rank_paper/data/raw/data_explorer_top1k/by_ticker/rank_0848_EXTR,True,True,True,True,7392,11.8056,True,0,False
853,13904,VOYA,VOYA FINANCIAL INC,complete,/Users/armandoordoricadelatorre/Documents/U of T/PhD/PhD Research/Sentiment_learn_to_rank_paper/data/raw/data_explorer_top1k/by_ticker/rank_0853_VOYA,True,True,True,True,2143,3.4225,True,0,False
854,88031,MNST,MONSTER BEVERAGE CORP,complete,/Users/armandoordoricadelatorre/Documents/U of T/PhD/PhD Research/Sentiment_learn_to_rank_paper/data/raw/data_explorer_top1k/by_ticker/rank_0854_MNST,True,True,True,True,14057,22.4501,True,0,False
855,90686,GTE,GLOBETEL COMMUNICATIONS CORP,complete,/Users/armandoordoricadelatorre/Documents/U of T/PhD/PhD Research/Sentiment_learn_to_rank_paper/data/raw/data_explorer_top1k/by_ticker/rank_0855_GTE,True,True,True,True,6521,10.4146,True,0,False
856,91690,GLG,G L G PARTNERS INC,partial,/Users/armandoordoricadelatorre/Documents/U of T/PhD/PhD Research/Sentiment_learn_to_rank_paper/data/raw/data_explorer_top1k/by_ticker/rank_0856_GLG,True,False,True,True,1547,2.4707,True,0,False
857,87577,AI,A T S I COMMUNICATIONS INC,partial,/Users/armandoordoricadelatorre/Documents/U of T/PhD/PhD Research/Sentiment_learn_to_rank_paper/data/raw/data_explorer_top1k/by_ticker/rank_0857_AI,True,False,True,False,20529,32.7864,True,0,False
859,84511,VCEL,VERICEL CORP,complete,/Users/armandoordoricadelatorre/Documents/U of T/PhD/PhD Research/Sentiment_learn_to_rank_paper/data/raw/data_explorer_top1k/by_ticker/rank_0859_VCEL,True,True,True,True,3344,5.3406,True,0,False
860,77217,WETF,WISDOMTREE INVESTMENTS INC,complete,/Users/armandoordoricadelatorre/Documents/U of T/PhD/PhD Research/Sentiment_learn_to_rank_paper/data/raw/data_explorer_top1k/by_ticker/rank_0860_WETF,True,True,True,True,1470,2.3477,True,0,False
862,92594,GALE,GALENA BIOPHARMA INC,complete,/Users/armandoordoricadelatorre/Documents/U of T/PhD/PhD Research/Sentiment_learn_to_rank_paper/data/raw/data_explorer_top1k/by_ticker/rank_0862_GALE,True,True,True,True,2652,4.2355,True,0,False
865,11618,FAST,FASTENAL CO,complete,/Users/armandoordoricadelatorre/Documents/U of T/PhD/PhD Research/Sentiment_learn_to_rank_paper/data/raw/data_explorer_top1k/by_ticker/rank_0865_FAST,True,True,True,True,11879,18.9717,True,0,False
866,65787,TRB,TRIBUNE COMPANY NEW,partial,/Users/armandoordoricadelatorre/Documents/U of T/PhD/PhD Research/Sentiment_learn_to_rank_paper/data/raw/data_explorer_top1k/by_ticker/rank_0866_TRB,True,False,True,False,4930,7.8736,True,0,False
867,83244,CENX,CENTURY ALUMINUM CO,complete,/Users/armandoordoricadelatorre/Documents/U of T/PhD/PhD Research/Sentiment_learn_to_rank_paper/data/raw/data_explorer_top1k/by_ticker/rank_0867_CENX,True,True,True,True,5066,8.0908,True,0,False
868,91531,OC,OWENS CORNING NEW,complete,/Users/armandoordoricadelatorre/Documents/U of T/PhD/PhD Research/Sentiment_learn_to_rank_paper/data/raw/data_explorer_top1k/by_ticker/rank_0868_OC,True,True,True,True,9355,14.9407,True,0,False
870,85663,URI,UNITED RENTALS INC,complete,/Users/armandoordoricadelatorre/Documents/U of T/PhD/PhD Research/Sentiment_learn_to_rank_paper/data/raw/data_explorer_top1k/by_ticker/rank_0870_URI,True,True,True,True,8333,13.3085,True,0,False
871,81285,TT,TRANE INC,complete,/Users/armandoordoricadelatorre/Documents/U of T/PhD/PhD Research/Sentiment_learn_to_rank_paper/data/raw/data_explorer_top1k/by_ticker/rank_0871_TT,True,True,True,True,21330,34.0657,True,0,False
873,13447,NOW,SERVICENOW INC,complete,/Users/armandoordoricadelatorre/Documents/U of T/PhD/PhD Research/Sentiment_learn_to_rank_paper/data/raw/data_explorer_top1k/by_ticker/rank_0873_NOW,True,True,True,True,3548,5.6664,True,0,False
875,90101,MSTX,MAST THERAPEUTICS INC,partial,/Users/armandoordoricadelatorre/Documents/U of T/PhD/PhD Research/Sentiment_learn_to_rank_paper/data/raw/data_explorer_top1k/by_ticker/rank_0875_MSTX,True,False,True,False,3670,5.8613,True,0,False
876,77520,AGCO,A G C O CORP,complete,/Users/armandoordoricadelatorre/Documents/U of T/PhD/PhD Research/Sentiment_learn_to_rank_paper/data/raw/data_explorer_top1k/by_ticker/rank_0876_AGCO,True,True,True,True,10811,17.266,True,0,False
879,85825,GNSS,GENESIS MICROCHIP INC DEL,complete,/Users/armandoordoricadelatorre/Documents/U of T/PhD/PhD Research/Sentiment_learn_to_rank_paper/data/raw/data_explorer_top1k/by_ticker/rank_0879_GNSS,True,True,True,True,2263,3.6142,True,0,False
880,79758,BYD,BOYD GAMING CORP,complete,/Users/armandoordoricadelatorre/Documents/U of T/PhD/PhD Research/Sentiment_learn_to_rank_paper/data/raw/data_explorer_top1k/by_ticker/rank_0880_BYD,True,True,True,True,9316,14.8784,True,0,False
883,75912,PTC,P T C INC,complete,/Users/armandoordoricadelatorre/Documents/U of T/PhD/PhD Research/Sentiment_learn_to_rank_paper/data/raw/data_explorer_top1k/by_ticker/rank_0883_PTC,True,True,True,True,6685,10.6765,True,0,False
884,23297,EAT,BRINKER INTERNATIONAL INC,complete,/Users/armandoordoricadelatorre/Documents/U of T/PhD/PhD Research/Sentiment_learn_to_rank_paper/data/raw/data_explorer_top1k/by_ticker/rank_0884_EAT,True,True,True,True,10589,16.9115,True,0,False
885,91218,EQ,EMBARQ CORP,partial,/Users/armandoordoricadelatorre/Documents/U of T/PhD/PhD Research/Sentiment_learn_to_rank_paper/data/raw/data_explorer_top1k/by_ticker/rank_0885_EQ,True,False,True,False,1116,1.7823,True,0,False
886,90993,ICE,INTERCONTINENTALEXCHANGE GRP INC,complete,/Users/armandoordoricadelatorre/Documents/U of T/PhD/PhD Research/Sentiment_learn_to_rank_paper/data/raw/data_explorer_top1k/by_ticker/rank_0886_ICE,True,True,True,True,129749,207.2195,True,0,False
889,63060,WEN,WENDYS INTERNATIONAL INC,complete,/Users/armandoordoricadelatorre/Documents/U of T/PhD/PhD Research/Sentiment_learn_to_rank_paper/data/raw/data_explorer_top1k/by_ticker/rank_0889_WEN,True,True,True,True,14600,23.3174,True,0,False
891,13298,MM,MILLENNIAL MEDIA INC,partial,/Users/armandoordoricadelatorre/Documents/U of T/PhD/PhD Research/Sentiment_learn_to_rank_paper/data/raw/data_explorer_top1k/by_ticker/rank_0891_MM,True,False,True,False,1231,1.966,True,0,False
894,89971,TPX,TEMPUR SEALY INTERNATIONAL INC,partial,/Users/armandoordoricadelatorre/Documents/U of T/PhD/PhD Research/Sentiment_learn_to_rank_paper/data/raw/data_explorer_top1k/by_ticker/rank_0894_TPX,True,False,True,True,8295,13.2478,True,0,False
898,42877,JBHT,HUNT J B TRANSPORT SERVICES INC,complete,/Users/armandoordoricadelatorre/Documents/U of T/PhD/PhD Research/Sentiment_learn_to_rank_paper/data/raw/data_explorer_top1k/by_ticker/rank_0898_JBHT,True,True,True,True,7481,11.9478,True,0,False
902,40125,CSC,COMPUTER SCIENCES CORP,complete,/Users/armandoordoricadelatorre/Documents/U of T/PhD/PhD Research/Sentiment_learn_to_rank_paper/data/raw/data_explorer_top1k/by_ticker/rank_0902_CSC,True,True,True,True,17454,27.8754,True,0,False
903,10696,FISV,FISERV INC,complete,/Users/armandoordoricadelatorre/Documents/U of T/PhD/PhD Research/Sentiment_learn_to_rank_paper/data/raw/data_explorer_top1k/by_ticker/rank_0903_FISV,True,True,True,True,21163,33.799,True,0,False
905,86804,JEF,JEFFERIES GROUP INC NEW,complete,/Users/armandoordoricadelatorre/Documents/U of T/PhD/PhD Research/Sentiment_learn_to_rank_paper/data/raw/data_explorer_top1k/by_ticker/rank_0905_JEF,True,True,True,True,6528,10.4257,True,0,False
906,19675,SOHU,SOHU COM INC,complete,/Users/armandoordoricadelatorre/Documents/U of T/PhD/PhD Research/Sentiment_learn_to_rank_paper/data/raw/data_explorer_top1k/by_ticker/rank_0906_SOHU,True,True,True,True,9340,14.9167,True,0,False
911,62383,RYL,RYLAND GROUP INC,partial,/Users/armandoordoricadelatorre/Documents/U of T/PhD/PhD Research/Sentiment_learn_to_rank_paper/data/raw/data_explorer_top1k/by_ticker/rank_0911_RYL,True,False,True,False,1785,2.8508,True,0,False
915,27713,ABI,APPLIED BIOSYSTEMS INC DEL,partial,/Users/armandoordoricadelatorre/Documents/U of T/PhD/PhD Research/Sentiment_learn_to_rank_paper/data/raw/data_explorer_top1k/by_ticker/rank_0915_ABI,True,False,True,False,35305,56.3849,True,0,False
918,12981,FBHS,FORTUNE BRANDS HOME & SECUR INC,complete,/Users/armandoordoricadelatorre/Documents/U of T/PhD/PhD Research/Sentiment_learn_to_rank_paper/data/raw/data_explorer_top1k/by_ticker/rank_0918_FBHS,True,True,True,True,1805,2.8827,True,0,False
920,24010,ETR,ENTERGY CORP NEW,complete,/Users/armandoordoricadelatorre/Documents/U of T/PhD/PhD Research/Sentiment_learn_to_rank_paper/data/raw/data_explorer_top1k/by_ticker/rank_0920_ETR,True,True,True,True,34690,55.4027,True,0,False
922,85459,CHRW,CH ROBINSON WORLDWIDE INC,complete,/Users/armandoordoricadelatorre/Documents/U of T/PhD/PhD Research/Sentiment_learn_to_rank_paper/data/raw/data_explorer_top1k/by_ticker/rank_0922_CHRW,True,True,True,True,14465,23.1018,True,0,False
931,24985,AEE,AMEREN CORP,complete,/Users/armandoordoricadelatorre/Documents/U of T/PhD/PhD Research/Sentiment_learn_to_rank_paper/data/raw/data_explorer_top1k/by_ticker/rank_0931_AEE,True,True,True,True,15497,24.7499,True,0,False
932,59396,ORI,OLD REPUBLIC INTERNATIONAL CORP,complete,/Users/armandoordoricadelatorre/Documents/U of T/PhD/PhD Research/Sentiment_learn_to_rank_paper/data/raw/data_explorer_top1k/by_ticker/rank_0932_ORI,True,True,True,True,5055,8.0732,True,0,False
935,13628,WDAY,WORKDAY INC,complete,/Users/armandoordoricadelatorre/Documents/U of T/PhD/PhD Research/Sentiment_learn_to_rank_paper/data/raw/data_explorer_top1k/by_ticker/rank_0935_WDAY,True,True,True,True,2746,4.3856,True,0,False
936,89540,DKS,DICKS SPORTING GOODS INC,complete,/Users/armandoordoricadelatorre/Documents/U of T/PhD/PhD Research/Sentiment_learn_to_rank_paper/data/raw/data_explorer_top1k/by_ticker/rank_0936_DKS,True,True,True,True,11546,18.4399,True,0,False
938,41355,PH,PARKER HANNIFIN CORP,complete,/Users/armandoordoricadelatorre/Documents/U of T/PhD/PhD Research/Sentiment_learn_to_rank_paper/data/raw/data_explorer_top1k/by_ticker/rank_0938_PH,True,True,True,True,11110,17.7436,True,0,False
939,47466,NYT,NEW YORK TIMES CO,complete,/Users/armandoordoricadelatorre/Documents/U of T/PhD/PhD Research/Sentiment_learn_to_rank_paper/data/raw/data_explorer_top1k/by_ticker/rank_0939_NYT,True,True,True,True,115433,184.3557,True,0,False
944,13730,PBF,P B F ENERGY INC,complete,/Users/armandoordoricadelatorre/Documents/U of T/PhD/PhD Research/Sentiment_learn_to_rank_paper/data/raw/data_explorer_top1k/by_ticker/rank_0944_PBF,True,True,True,True,2386,3.8106,True,0,False
946,86136,SRE,SEMPRA ENERGY,complete,/Users/armandoordoricadelatorre/Documents/U of T/PhD/PhD Research/Sentiment_learn_to_rank_paper/data/raw/data_explorer_top1k/by_ticker/rank_0946_SRE,True,True,True,True,21439,34.2398,True,0,False
947,70578,ECL,ECOLAB INC,complete,/Users/armandoordoricadelatorre/Documents/U of T/PhD/PhD Research/Sentiment_learn_to_rank_paper/data/raw/data_explorer_top1k/by_ticker/rank_0947_ECL,True,True,True,True,9911,15.8287,True,0,False
950,37584,BEN,FRANKLIN RESOURCES INC,complete,/Users/armandoordoricadelatorre/Documents/U of T/PhD/PhD Research/Sentiment_learn_to_rank_paper/data/raw/data_explorer_top1k/by_ticker/rank_0950_BEN,True,True,True,True,23516,37.5569,True,0,False
952,25419,WHR,WHIRLPOOL CORP,complete,/Users/armandoordoricadelatorre/Documents/U of T/PhD/PhD Research/Sentiment_learn_to_rank_paper/data/raw/data_explorer_top1k/by_ticker/rank_0952_WHR,True,True,True,True,19809,31.6366,True,0,False
953,79906,INCY,INCYTE CORP,complete,/Users/armandoordoricadelatorre/Documents/U of T/PhD/PhD Research/Sentiment_learn_to_rank_paper/data/raw/data_explorer_top1k/by_ticker/rank_0953_INCY,True,True,True,True,6940,11.0837,True,0,False
956,88159,EXEL,EXELIXIS INC,complete,/Users/armandoordoricadelatorre/Documents/U of T/PhD/PhD Research/Sentiment_learn_to_rank_paper/data/raw/data_explorer_top1k/by_ticker/rank_0956_EXEL,True,True,True,True,6612,10.5599,True,0,False
958,28222,APD,AIR PRODUCTS & CHEMICALS INC,complete,/Users/armandoordoricadelatorre/Documents/U of T/PhD/PhD Research/Sentiment_learn_to_rank_paper/data/raw/data_explorer_top1k/by_ticker/rank_0958_APD,True,True,True,True,14501,23.1593,True,0,False
961,60943,LEG,LEGGETT & PLATT INC,complete,/Users/armandoordoricadelatorre/Documents/U of T/PhD/PhD Research/Sentiment_learn_to_rank_paper/data/raw/data_explorer_top1k/by_ticker/rank_0961_LEG,True,True,True,True,6906,11.0294,True,0,False
963,25953,DOV,DOVER CORP,complete,/Users/armandoordoricadelatorre/Documents/U of T/PhD/PhD Research/Sentiment_learn_to_rank_paper/data/raw/data_explorer_top1k/by_ticker/rank_0963_DOV,True,True,True,True,7161,11.4367,True,0,False
964,82236,WBR,WYNDHAM INTL INC,partial,/Users/armandoordoricadelatorre/Documents/U of T/PhD/PhD Research/Sentiment_learn_to_rank_paper/data/raw/data_explorer_top1k/by_ticker/rank_0964_WBR,True,False,True,False,882,1.4086,True,0,False
965,88446,ILMN,ILLUMINA INC,complete,/Users/armandoordoricadelatorre/Documents/U of T/PhD/PhD Research/Sentiment_learn_to_rank_paper/data/raw/data_explorer_top1k/by_ticker/rank_0965_ILMN,True,True,True,True,13797,22.0349,True,0,False
966,84373,DGX,QUEST DIAGNOSTICS INC,complete,/Users/armandoordoricadelatorre/Documents/U of T/PhD/PhD Research/Sentiment_learn_to_rank_paper/data/raw/data_explorer_top1k/by_ticker/rank_0966_DGX,True,True,True,True,12690,20.2669,True,0,False
967,17726,CCK,CROWN HOLDINGS INC,complete,/Users/armandoordoricadelatorre/Documents/U of T/PhD/PhD Research/Sentiment_learn_to_rank_paper/data/raw/data_explorer_top1k/by_ticker/rank_0967_CCK,True,True,True,True,7022,11.2147,True,0,False
970,89684,LEND,ACCREDITED HOME LENDERS HLDG CO,partial,/Users/armandoordoricadelatorre/Documents/U of T/PhD/PhD Research/Sentiment_learn_to_rank_paper/data/raw/data_explorer_top1k/by_ticker/rank_0970_LEND,True,False,True,False,1179,1.883,True,0,False
972,88284,CYH,COMMUNITY HEALTH SYS INC NEW,complete,/Users/armandoordoricadelatorre/Documents/U of T/PhD/PhD Research/Sentiment_learn_to_rank_paper/data/raw/data_explorer_top1k/by_ticker/rank_0972_CYH,True,True,True,True,9453,15.0972,True,0,False
973,67862,IMB,INDYMAC BANCORP INC,partial,/Users/armandoordoricadelatorre/Documents/U of T/PhD/PhD Research/Sentiment_learn_to_rank_paper/data/raw/data_explorer_top1k/by_ticker/rank_0973_IMB,True,False,True,False,17028,27.1951,True,0,False
974,90979,UA,UNDER ARMOUR INC,partial,/Users/armandoordoricadelatorre/Documents/U of T/PhD/PhD Research/Sentiment_learn_to_rank_paper/data/raw/data_explorer_top1k/by_ticker/rank_0974_UA,True,True,True,False,10482,16.7406,True,0,False
975,85168,HLX,HELIX ENERGY SOLUTIONS GROUP INC,complete,/Users/armandoordoricadelatorre/Documents/U of T/PhD/PhD Research/Sentiment_learn_to_rank_paper/data/raw/data_explorer_top1k/by_ticker/rank_0975_HLX,True,True,True,True,7522,12.0132,True,0,False
979,85232,BJ,B J S WHOLESALE CLUB INC,partial,/Users/armandoordoricadelatorre/Documents/U of T/PhD/PhD Research/Sentiment_learn_to_rank_paper/data/raw/data_explorer_top1k/by_ticker/rank_0979_BJ,True,False,True,False,8136,12.9938,True,0,False
982,88319,VC,VISTEON CORP,complete,/Users/armandoordoricadelatorre/Documents/U of T/PhD/PhD Research/Sentiment_learn_to_rank_paper/data/raw/data_explorer_top1k/by_ticker/rank_0982_VC,True,True,True,True,16769,26.7814,True,0,False
983,10333,XOMA,XOMA CORP,complete,/Users/armandoordoricadelatorre/Documents/U of T/PhD/PhD Research/Sentiment_learn_to_rank_paper/data/raw/data_explorer_top1k/by_ticker/rank_0983_XOMA,True,True,True,True,5878,9.3876,True,0,False
984,52230,RHI,ROBERT HALF INTERNATIONAL INC,complete,/Users/armandoordoricadelatorre/Documents/U of T/PhD/PhD Research/Sentiment_learn_to_rank_paper/data/raw/data_explorer_top1k/by_ticker/rank_0984_RHI,True,True,True,True,9938,15.8718,True,0,False
985,75854,LSCC,LATTICE SEMICONDUCTOR CORP,complete,/Users/armandoordoricadelatorre/Documents/U of T/PhD/PhD Research/Sentiment_learn_to_rank_paper/data/raw/data_explorer_top1k/by_ticker/rank_0985_LSCC,True,True,True,True,4805,7.674,True,0,False
986,32707,HP,HELMERICH & PAYNE INC,complete,/Users/armandoordoricadelatorre/Documents/U of T/PhD/PhD Research/Sentiment_learn_to_rank_paper/data/raw/data_explorer_top1k/by_ticker/rank_0986_HP,True,True,True,True,6170,9.854,True,0,False
991,13511,PANW,PALO ALTO NETWORKS INC,complete,/Users/armandoordoricadelatorre/Documents/U of T/PhD/PhD Research/Sentiment_learn_to_rank_paper/data/raw/data_explorer_top1k/by_ticker/rank_0991_PANW,True,True,True,True,4327,6.9106,True,0,False
